bot_id,market,algorithm,symbol
crypto_arima_garch_v10,CRYPTO,arima_garch,
crypto_btc_arima_garch__ps_v8,CRYPTO,arima_garch__ps,BTC
crypto_btc_arima_garch__ps_v6,CRYPTO,arima_garch__ps,BTC
crypto_btc_arima_garch__ps_v5,CRYPTO,arima_garch__ps,BTC
crypto_btc_arima_garch__ps_v2,CRYPTO,arima_garch__ps,BTC
crypto_btc_arima_garch__ps_v10,CRYPTO,arima_garch__ps,BTC
crypto_btc_arima_garch__ps,CRYPTO,arima_garch__ps,BTC
crypto_btc_arima_garch__ps_v7,CRYPTO,arima_garch__ps,BTC
crypto_btc_arima_garch__ps_v9,CRYPTO,arima_garch__ps,BTC
crypto_btc_arima_garch__ps_v4,CRYPTO,arima_garch__ps,BTC
crypto_btc_arima_garch__ps_v3,CRYPTO,arima_garch__ps,BTC
crypto_eth_arima_garch__ps_v10,CRYPTO,arima_garch__ps,ETH
crypto_eth_arima_garch__ps_v2,CRYPTO,arima_garch__ps,ETH
crypto_eth_arima_garch__ps_v5,CRYPTO,arima_garch__ps,ETH
crypto_sol_arima_garch__ps_v10,CRYPTO,arima_garch__ps,SOL
crypto_egarch_v6,CRYPTO,egarch,
crypto_egarch_v7,CRYPTO,egarch,
crypto_egarch_v9,CRYPTO,egarch,
crypto_egarch_v4,CRYPTO,egarch,
crypto_egarch_v5,CRYPTO,egarch,
crypto_egarch_v3,CRYPTO,egarch,
crypto_egarch_v2,CRYPTO,egarch,
crypto_egarch_v8,CRYPTO,egarch,
crypto_egarch_v10,CRYPTO,egarch,
crypto_egarch,CRYPTO,egarch,
crypto_btc_egarch__ps_v5,CRYPTO,egarch__ps,BTC
crypto_btc_egarch__ps_v9,CRYPTO,egarch__ps,BTC
crypto_btc_egarch__ps_v8,CRYPTO,egarch__ps,BTC
crypto_btc_egarch__ps,CRYPTO,egarch__ps,BTC
crypto_btc_egarch__ps_v3,CRYPTO,egarch__ps,BTC
crypto_btc_egarch__ps_v7,CRYPTO,egarch__ps,BTC
crypto_btc_egarch__ps_v6,CRYPTO,egarch__ps,BTC
crypto_btc_egarch__ps_v10,CRYPTO,egarch__ps,BTC
crypto_btc_egarch__ps_v4,CRYPTO,egarch__ps,BTC
crypto_btc_egarch__ps_v2,CRYPTO,egarch__ps,BTC
crypto_eth_egarch__ps,CRYPTO,egarch__ps,ETH
crypto_eth_egarch__ps_v3,CRYPTO,egarch__ps,ETH
crypto_eth_egarch__ps_v4,CRYPTO,egarch__ps,ETH
crypto_eth_egarch__ps_v6,CRYPTO,egarch__ps,ETH
crypto_eth_egarch__ps_v9,CRYPTO,egarch__ps,ETH
crypto_eth_egarch__ps_v10,CRYPTO,egarch__ps,ETH
crypto_eth_egarch__ps_v2,CRYPTO,egarch__ps,ETH
crypto_eth_egarch__ps_v8,CRYPTO,egarch__ps,ETH
crypto_eth_egarch__ps_v5,CRYPTO,egarch__ps,ETH
crypto_eth_egarch__ps_v7,CRYPTO,egarch__ps,ETH
crypto_sol_egarch__ps_v3,CRYPTO,egarch__ps,SOL
crypto_sol_egarch__ps_v10,CRYPTO,egarch__ps,SOL
crypto_sol_egarch__ps_v8,CRYPTO,egarch__ps,SOL
crypto_sol_egarch__ps_v5,CRYPTO,egarch__ps,SOL
crypto_sol_egarch__ps_v7,CRYPTO,egarch__ps,SOL
crypto_sol_egarch__ps_v9,CRYPTO,egarch__ps,SOL
crypto_sol_egarch__ps_v4,CRYPTO,egarch__ps,SOL
crypto_sol_egarch__ps,CRYPTO,egarch__ps,SOL
crypto_sol_egarch__ps_v6,CRYPTO,egarch__ps,SOL
crypto_sol_egarch__ps_v2,CRYPTO,egarch__ps,SOL
crypto_ema_v5,CRYPTO,ema,
crypto_ema_v7,CRYPTO,ema,
crypto_ema_v8,CRYPTO,ema,
crypto_ema_v10,CRYPTO,ema,
crypto_ema,CRYPTO,ema,
crypto_ema_v4,CRYPTO,ema,
crypto_btc_ema__ps_v6,CRYPTO,ema__ps,BTC
crypto_btc_ema__ps_v10,CRYPTO,ema__ps,BTC
crypto_btc_ema__ps_v8,CRYPTO,ema__ps,BTC
crypto_btc_ema__ps_v3,CRYPTO,ema__ps,BTC
crypto_btc_ema__ps_v4,CRYPTO,ema__ps,BTC
crypto_btc_ema__ps_v5,CRYPTO,ema__ps,BTC
crypto_btc_ema__ps_v9,CRYPTO,ema__ps,BTC
crypto_btc_ema__ps_v2,CRYPTO,ema__ps,BTC
crypto_btc_ema__ps,CRYPTO,ema__ps,BTC
crypto_btc_ema__ps_v7,CRYPTO,ema__ps,BTC
crypto_eth_ema__ps_v9,CRYPTO,ema__ps,ETH
crypto_eth_ema__ps_v2,CRYPTO,ema__ps,ETH
crypto_eth_ema__ps_v6,CRYPTO,ema__ps,ETH
crypto_eth_ema__ps_v8,CRYPTO,ema__ps,ETH
crypto_eth_ema__ps,CRYPTO,ema__ps,ETH
crypto_eth_ema__ps_v10,CRYPTO,ema__ps,ETH
crypto_eth_ema__ps_v5,CRYPTO,ema__ps,ETH
crypto_eth_ema__ps_v3,CRYPTO,ema__ps,ETH
crypto_eth_ema__ps_v4,CRYPTO,ema__ps,ETH
crypto_eth_ema__ps_v7,CRYPTO,ema__ps,ETH
crypto_sol_ema__ps_v10,CRYPTO,ema__ps,SOL
crypto_sol_ema__ps_v4,CRYPTO,ema__ps,SOL
crypto_sol_ema__ps_v8,CRYPTO,ema__ps,SOL
crypto_sol_ema__ps,CRYPTO,ema__ps,SOL
crypto_sol_ema__ps_v7,CRYPTO,ema__ps,SOL
crypto_sol_ema__ps_v5,CRYPTO,ema__ps,SOL
crypto_btc_ensemble__ps_v10,CRYPTO,ensemble__ps,BTC
crypto_btc_ensemble__ps_v4,CRYPTO,ensemble__ps,BTC
crypto_eth_ensemble__ps_v4,CRYPTO,ensemble__ps,ETH
crypto_sol_ensemble__ps_v10,CRYPTO,ensemble__ps,SOL
crypto_sol_ensemble__ps_v4,CRYPTO,ensemble__ps,SOL
crypto_btc_gru_nn__ps_v8,CRYPTO,gru_nn__ps,BTC
crypto_btc_gru_nn__ps,CRYPTO,gru_nn__ps,BTC
crypto_btc_gru_nn__ps_v5,CRYPTO,gru_nn__ps,BTC
crypto_btc_gru_nn__ps_v7,CRYPTO,gru_nn__ps,BTC
crypto_btc_gru_nn__ps_v10,CRYPTO,gru_nn__ps,BTC
crypto_btc_gru_nn__ps_v2,CRYPTO,gru_nn__ps,BTC
crypto_eth_gru_nn__ps_v3,CRYPTO,gru_nn__ps,ETH
crypto_eth_gru_nn__ps_v4,CRYPTO,gru_nn__ps,ETH
crypto_eth_gru_nn__ps_v10,CRYPTO,gru_nn__ps,ETH
crypto_eth_gru_nn__ps,CRYPTO,gru_nn__ps,ETH
crypto_eth_gru_nn__ps_v7,CRYPTO,gru_nn__ps,ETH
crypto_eth_gru_nn__ps_v6,CRYPTO,gru_nn__ps,ETH
crypto_eth_gru_nn__ps_v5,CRYPTO,gru_nn__ps,ETH
crypto_eth_gru_nn__ps_v8,CRYPTO,gru_nn__ps,ETH
crypto_eth_gru_nn__ps_v9,CRYPTO,gru_nn__ps,ETH
crypto_eth_gru_nn__ps_v2,CRYPTO,gru_nn__ps,ETH
crypto_sol_gru_nn__ps_v10,CRYPTO,gru_nn__ps,SOL
crypto_sol_gru_nn__ps_v2,CRYPTO,gru_nn__ps,SOL
crypto_sol_gru_nn__ps_v7,CRYPTO,gru_nn__ps,SOL
crypto_sol_gru_nn__ps_v8,CRYPTO,gru_nn__ps,SOL
crypto_sol_gru_nn__ps,CRYPTO,gru_nn__ps,SOL
crypto_sol_gru_nn__ps_v5,CRYPTO,gru_nn__ps,SOL
crypto_lightgbm_v10,CRYPTO,lightgbm,
crypto_lightgbm_v4,CRYPTO,lightgbm,
crypto_btc_lightgbm__ps_v2,CRYPTO,lightgbm__ps,BTC
crypto_btc_lightgbm__ps_v4,CRYPTO,lightgbm__ps,BTC
crypto_btc_lightgbm__ps_v5,CRYPTO,lightgbm__ps,BTC
crypto_btc_lightgbm__ps_v10,CRYPTO,lightgbm__ps,BTC
crypto_eth_lightgbm__ps_v2,CRYPTO,lightgbm__ps,ETH
crypto_eth_lightgbm__ps_v5,CRYPTO,lightgbm__ps,ETH
crypto_eth_lightgbm__ps_v10,CRYPTO,lightgbm__ps,ETH
crypto_eth_lightgbm__ps_v6,CRYPTO,lightgbm__ps,ETH
crypto_eth_lightgbm__ps_v7,CRYPTO,lightgbm__ps,ETH
crypto_eth_lightgbm__ps,CRYPTO,lightgbm__ps,ETH
crypto_eth_lightgbm__ps_v8,CRYPTO,lightgbm__ps,ETH
crypto_eth_lightgbm__ps_v4,CRYPTO,lightgbm__ps,ETH
crypto_sol_lightgbm__ps_v6,CRYPTO,lightgbm__ps,SOL
crypto_sol_lightgbm__ps_v2,CRYPTO,lightgbm__ps,SOL
crypto_sol_lightgbm__ps_v3,CRYPTO,lightgbm__ps,SOL
crypto_sol_lightgbm__ps_v4,CRYPTO,lightgbm__ps,SOL
crypto_sol_lightgbm__ps_v10,CRYPTO,lightgbm__ps,SOL
crypto_sol_lightgbm__ps_v7,CRYPTO,lightgbm__ps,SOL
crypto_sol_lightgbm__ps,CRYPTO,lightgbm__ps,SOL
crypto_sol_lightgbm__ps_v5,CRYPTO,lightgbm__ps,SOL
crypto_sol_lightgbm__ps_v8,CRYPTO,lightgbm__ps,SOL
crypto_sol_lightgbm__ps_v9,CRYPTO,lightgbm__ps,SOL
crypto_lstm_nn_v4,CRYPTO,lstm_nn,
crypto_btc_lstm_nn__ps_v10,CRYPTO,lstm_nn__ps,BTC
crypto_btc_lstm_nn__ps_v7,CRYPTO,lstm_nn__ps,BTC
crypto_btc_lstm_nn__ps_v8,CRYPTO,lstm_nn__ps,BTC
crypto_btc_lstm_nn__ps_v2,CRYPTO,lstm_nn__ps,BTC
crypto_btc_lstm_nn__ps_v4,CRYPTO,lstm_nn__ps,BTC
crypto_btc_lstm_nn__ps,CRYPTO,lstm_nn__ps,BTC
crypto_btc_lstm_nn__ps_v5,CRYPTO,lstm_nn__ps,BTC
crypto_eth_lstm_nn__ps_v3,CRYPTO,lstm_nn__ps,ETH
crypto_eth_lstm_nn__ps_v6,CRYPTO,lstm_nn__ps,ETH
crypto_eth_lstm_nn__ps_v9,CRYPTO,lstm_nn__ps,ETH
crypto_eth_lstm_nn__ps_v4,CRYPTO,lstm_nn__ps,ETH
crypto_eth_lstm_nn__ps,CRYPTO,lstm_nn__ps,ETH
crypto_eth_lstm_nn__ps_v10,CRYPTO,lstm_nn__ps,ETH
crypto_eth_lstm_nn__ps_v7,CRYPTO,lstm_nn__ps,ETH
crypto_eth_lstm_nn__ps_v8,CRYPTO,lstm_nn__ps,ETH
crypto_eth_lstm_nn__ps_v2,CRYPTO,lstm_nn__ps,ETH
crypto_eth_lstm_nn__ps_v5,CRYPTO,lstm_nn__ps,ETH
crypto_sol_lstm_nn__ps_v8,CRYPTO,lstm_nn__ps,SOL
crypto_sol_lstm_nn__ps_v4,CRYPTO,lstm_nn__ps,SOL
crypto_sol_lstm_nn__ps_v10,CRYPTO,lstm_nn__ps,SOL
crypto_sol_lstm_nn__ps_v2,CRYPTO,lstm_nn__ps,SOL
crypto_sol_lstm_nn__ps,CRYPTO,lstm_nn__ps,SOL
crypto_sol_lstm_nn__ps_v5,CRYPTO,lstm_nn__ps,SOL
crypto_sol_lstm_nn__ps_v7,CRYPTO,lstm_nn__ps,SOL
crypto_btc_meta_stack__ps,CRYPTO,meta_stack__ps,BTC
crypto_moving_average_v10,CRYPTO,moving_average,
crypto_moving_average_v2,CRYPTO,moving_average,
crypto_moving_average_v5,CRYPTO,moving_average,
crypto_moving_average_v8,CRYPTO,moving_average,
crypto_btc_moving_average__ps_v8,CRYPTO,moving_average__ps,BTC
crypto_btc_moving_average__ps_v6,CRYPTO,moving_average__ps,BTC
crypto_btc_moving_average__ps_v2,CRYPTO,moving_average__ps,BTC
crypto_btc_moving_average__ps_v4,CRYPTO,moving_average__ps,BTC
crypto_btc_moving_average__ps,CRYPTO,moving_average__ps,BTC
crypto_btc_moving_average__ps_v10,CRYPTO,moving_average__ps,BTC
crypto_btc_moving_average__ps_v9,CRYPTO,moving_average__ps,BTC
crypto_btc_moving_average__ps_v5,CRYPTO,moving_average__ps,BTC
crypto_btc_moving_average__ps_v3,CRYPTO,moving_average__ps,BTC
crypto_btc_moving_average__ps_v7,CRYPTO,moving_average__ps,BTC
crypto_eth_moving_average__ps_v7,CRYPTO,moving_average__ps,ETH
crypto_eth_moving_average__ps_v8,CRYPTO,moving_average__ps,ETH
crypto_eth_moving_average__ps_v9,CRYPTO,moving_average__ps,ETH
crypto_eth_moving_average__ps_v6,CRYPTO,moving_average__ps,ETH
crypto_eth_moving_average__ps_v2,CRYPTO,moving_average__ps,ETH
crypto_eth_moving_average__ps_v3,CRYPTO,moving_average__ps,ETH
crypto_eth_moving_average__ps,CRYPTO,moving_average__ps,ETH
crypto_eth_moving_average__ps_v4,CRYPTO,moving_average__ps,ETH
crypto_eth_moving_average__ps_v10,CRYPTO,moving_average__ps,ETH
crypto_eth_moving_average__ps_v5,CRYPTO,moving_average__ps,ETH
crypto_sol_moving_average__ps_v10,CRYPTO,moving_average__ps,SOL
crypto_sol_moving_average__ps_v2,CRYPTO,moving_average__ps,SOL
crypto_sol_moving_average__ps_v8,CRYPTO,moving_average__ps,SOL
crypto_sol_moving_average__ps_v5,CRYPTO,moving_average__ps,SOL
crypto_random_forest_v2,CRYPTO,random_forest,
crypto_random_forest_v5,CRYPTO,random_forest,
crypto_random_forest_v4,CRYPTO,random_forest,
crypto_random_forest_v10,CRYPTO,random_forest,
crypto_btc_random_forest__ps_v6,CRYPTO,random_forest__ps,BTC
crypto_btc_random_forest__ps_v8,CRYPTO,random_forest__ps,BTC
crypto_btc_random_forest__ps_v4,CRYPTO,random_forest__ps,BTC
crypto_btc_random_forest__ps_v10,CRYPTO,random_forest__ps,BTC
crypto_btc_random_forest__ps_v7,CRYPTO,random_forest__ps,BTC
crypto_btc_random_forest__ps_v2,CRYPTO,random_forest__ps,BTC
crypto_btc_random_forest__ps,CRYPTO,random_forest__ps,BTC
crypto_btc_random_forest__ps_v5,CRYPTO,random_forest__ps,BTC
crypto_eth_random_forest__ps_v6,CRYPTO,random_forest__ps,ETH
crypto_eth_random_forest__ps_v7,CRYPTO,random_forest__ps,ETH
crypto_eth_random_forest__ps_v4,CRYPTO,random_forest__ps,ETH
crypto_eth_random_forest__ps,CRYPTO,random_forest__ps,ETH
crypto_eth_random_forest__ps_v10,CRYPTO,random_forest__ps,ETH
crypto_eth_random_forest__ps_v2,CRYPTO,random_forest__ps,ETH
crypto_eth_random_forest__ps_v5,CRYPTO,random_forest__ps,ETH
crypto_eth_random_forest__ps_v8,CRYPTO,random_forest__ps,ETH
crypto_eth_random_forest__ps_v3,CRYPTO,random_forest__ps,ETH
crypto_eth_random_forest__ps_v9,CRYPTO,random_forest__ps,ETH
crypto_sol_random_forest__ps_v2,CRYPTO,random_forest__ps,SOL
crypto_sol_random_forest__ps_v5,CRYPTO,random_forest__ps,SOL
crypto_sol_random_forest__ps_v10,CRYPTO,random_forest__ps,SOL
crypto_sol_random_forest__ps_v4,CRYPTO,random_forest__ps,SOL
crypto_sarima_v2,CRYPTO,sarima,
crypto_sarima_v10,CRYPTO,sarima,
crypto_sarima_v5,CRYPTO,sarima,
crypto_btc_sarima__ps_v5,CRYPTO,sarima__ps,BTC
crypto_btc_sarima__ps_v7,CRYPTO,sarima__ps,BTC
crypto_btc_sarima__ps,CRYPTO,sarima__ps,BTC
crypto_btc_sarima__ps_v2,CRYPTO,sarima__ps,BTC
crypto_btc_sarima__ps_v10,CRYPTO,sarima__ps,BTC
crypto_btc_sarima__ps_v4,CRYPTO,sarima__ps,BTC
crypto_btc_sarima__ps_v9,CRYPTO,sarima__ps,BTC
crypto_btc_sarima__ps_v6,CRYPTO,sarima__ps,BTC
crypto_btc_sarima__ps_v3,CRYPTO,sarima__ps,BTC
crypto_btc_sarima__ps_v8,CRYPTO,sarima__ps,BTC
crypto_eth_sarima__ps_v6,CRYPTO,sarima__ps,ETH
crypto_eth_sarima__ps,CRYPTO,sarima__ps,ETH
crypto_eth_sarima__ps_v10,CRYPTO,sarima__ps,ETH
crypto_eth_sarima__ps_v8,CRYPTO,sarima__ps,ETH
crypto_eth_sarima__ps_v2,CRYPTO,sarima__ps,ETH
crypto_eth_sarima__ps_v4,CRYPTO,sarima__ps,ETH
crypto_eth_sarima__ps_v9,CRYPTO,sarima__ps,ETH
crypto_eth_sarima__ps_v3,CRYPTO,sarima__ps,ETH
crypto_eth_sarima__ps_v7,CRYPTO,sarima__ps,ETH
crypto_eth_sarima__ps_v5,CRYPTO,sarima__ps,ETH
crypto_sol_sarima__ps_v2,CRYPTO,sarima__ps,SOL
crypto_sol_sarima__ps_v10,CRYPTO,sarima__ps,SOL
crypto_sol_sarima__ps_v5,CRYPTO,sarima__ps,SOL
crypto_xgboost_v10,CRYPTO,xgboost,
crypto_xgboost_v4,CRYPTO,xgboost,
crypto_xgboost_v2,CRYPTO,xgboost,
crypto_btc_xgboost__ps_v5,CRYPTO,xgboost__ps,BTC
crypto_btc_xgboost__ps_v10,CRYPTO,xgboost__ps,BTC
crypto_btc_xgboost__ps_v2,CRYPTO,xgboost__ps,BTC
crypto_btc_xgboost__ps_v4,CRYPTO,xgboost__ps,BTC
crypto_btc_xgboost__ps_v8,CRYPTO,xgboost__ps,BTC
crypto_eth_xgboost__ps_v2,CRYPTO,xgboost__ps,ETH
crypto_eth_xgboost__ps_v7,CRYPTO,xgboost__ps,ETH
crypto_eth_xgboost__ps_v8,CRYPTO,xgboost__ps,ETH
crypto_eth_xgboost__ps_v5,CRYPTO,xgboost__ps,ETH
crypto_eth_xgboost__ps_v3,CRYPTO,xgboost__ps,ETH
crypto_eth_xgboost__ps_v9,CRYPTO,xgboost__ps,ETH
crypto_eth_xgboost__ps,CRYPTO,xgboost__ps,ETH
crypto_eth_xgboost__ps_v10,CRYPTO,xgboost__ps,ETH
crypto_eth_xgboost__ps_v4,CRYPTO,xgboost__ps,ETH
crypto_eth_xgboost__ps_v6,CRYPTO,xgboost__ps,ETH
crypto_sol_xgboost__ps_v4,CRYPTO,xgboost__ps,SOL
crypto_sol_xgboost__ps_v5,CRYPTO,xgboost__ps,SOL
crypto_sol_xgboost__ps_v3,CRYPTO,xgboost__ps,SOL
crypto_sol_xgboost__ps_v9,CRYPTO,xgboost__ps,SOL
crypto_sol_xgboost__ps_v2,CRYPTO,xgboost__ps,SOL
crypto_sol_xgboost__ps,CRYPTO,xgboost__ps,SOL
crypto_sol_xgboost__ps_v7,CRYPTO,xgboost__ps,SOL
crypto_sol_xgboost__ps_v10,CRYPTO,xgboost__ps,SOL
crypto_sol_xgboost__ps_v8,CRYPTO,xgboost__ps,SOL
crypto_sol_xgboost__ps_v6,CRYPTO,xgboost__ps,SOL
gold_arima_garch_v8,GOLD,arima_garch,
gold_arima_garch_v3,GOLD,arima_garch,
gold_arima_garch_v10,GOLD,arima_garch,
gold_arima_garch_v6,GOLD,arima_garch,
gold_arima_garch_v5,GOLD,arima_garch,
gold_arima_garch_v7,GOLD,arima_garch,
gold_arima_garch_v2,GOLD,arima_garch,
gold_arima_garch,GOLD,arima_garch,
gold_arima_garch_v4,GOLD,arima_garch,
gold_arima_garch_v9,GOLD,arima_garch,
gold_btmc_nhan_tron_arima_garch__ps_v10,GOLD,arima_garch__ps,BTMC_nhan_tron
gold_btmc_nhan_tron_arima_garch__ps_v6,GOLD,arima_garch__ps,BTMC_nhan_tron
gold_btmc_nhan_tron_arima_garch__ps,GOLD,arima_garch__ps,BTMC_nhan_tron
gold_btmc_nhan_tron_arima_garch__ps_v5,GOLD,arima_garch__ps,BTMC_nhan_tron
gold_btmc_nhan_tron_arima_garch__ps_v9,GOLD,arima_garch__ps,BTMC_nhan_tron
gold_btmc_nhan_tron_arima_garch__ps_v8,GOLD,arima_garch__ps,BTMC_nhan_tron
gold_btmc_nhan_tron_arima_garch__ps_v4,GOLD,arima_garch__ps,BTMC_nhan_tron
gold_btmc_nhan_tron_arima_garch__ps_v2,GOLD,arima_garch__ps,BTMC_nhan_tron
gold_btmc_nhan_tron_arima_garch__ps_v7,GOLD,arima_garch__ps,BTMC_nhan_tron
gold_btmc_nhan_tron_arima_garch__ps_v3,GOLD,arima_garch__ps,BTMC_nhan_tron
gold_btmc_sjc_arima_garch__ps_v10,GOLD,arima_garch__ps,BTMC_sjc
gold_btmc_sjc_arima_garch__ps_v8,GOLD,arima_garch__ps,BTMC_sjc
gold_btmc_sjc_arima_garch__ps,GOLD,arima_garch__ps,BTMC_sjc
gold_btmc_sjc_arima_garch__ps_v4,GOLD,arima_garch__ps,BTMC_sjc
gold_btmc_sjc_arima_garch__ps_v9,GOLD,arima_garch__ps,BTMC_sjc
gold_btmc_sjc_arima_garch__ps_v3,GOLD,arima_garch__ps,BTMC_sjc
gold_btmc_sjc_arima_garch__ps_v7,GOLD,arima_garch__ps,BTMC_sjc
gold_btmc_sjc_arima_garch__ps_v5,GOLD,arima_garch__ps,BTMC_sjc
gold_btmc_sjc_arima_garch__ps_v2,GOLD,arima_garch__ps,BTMC_sjc
gold_btmc_sjc_arima_garch__ps_v6,GOLD,arima_garch__ps,BTMC_sjc
gold_xau_spot_arima_garch__ps_v7,GOLD,arima_garch__ps,XAU_spot
gold_xau_spot_arima_garch__ps_v2,GOLD,arima_garch__ps,XAU_spot
gold_xau_spot_arima_garch__ps_v4,GOLD,arima_garch__ps,XAU_spot
gold_xau_spot_arima_garch__ps,GOLD,arima_garch__ps,XAU_spot
gold_xau_spot_arima_garch__ps_v9,GOLD,arima_garch__ps,XAU_spot
gold_xau_spot_arima_garch__ps_v10,GOLD,arima_garch__ps,XAU_spot
gold_xau_spot_arima_garch__ps_v5,GOLD,arima_garch__ps,XAU_spot
gold_xau_spot_arima_garch__ps_v3,GOLD,arima_garch__ps,XAU_spot
gold_xau_spot_arima_garch__ps_v8,GOLD,arima_garch__ps,XAU_spot
gold_xau_spot_arima_garch__ps_v6,GOLD,arima_garch__ps,XAU_spot
gold_egarch_v2,GOLD,egarch,
gold_egarch,GOLD,egarch,
gold_egarch_v7,GOLD,egarch,
gold_egarch_v5,GOLD,egarch,
gold_egarch_v10,GOLD,egarch,
gold_egarch_v6,GOLD,egarch,
gold_egarch_v4,GOLD,egarch,
gold_egarch_v8,GOLD,egarch,
gold_btmc_nhan_tron_egarch__ps_v9,GOLD,egarch__ps,BTMC_nhan_tron
gold_btmc_nhan_tron_egarch__ps_v4,GOLD,egarch__ps,BTMC_nhan_tron
gold_btmc_nhan_tron_egarch__ps_v10,GOLD,egarch__ps,BTMC_nhan_tron
gold_btmc_nhan_tron_egarch__ps_v2,GOLD,egarch__ps,BTMC_nhan_tron
gold_btmc_nhan_tron_egarch__ps,GOLD,egarch__ps,BTMC_nhan_tron
gold_btmc_nhan_tron_egarch__ps_v8,GOLD,egarch__ps,BTMC_nhan_tron
gold_btmc_nhan_tron_egarch__ps_v3,GOLD,egarch__ps,BTMC_nhan_tron
gold_btmc_nhan_tron_egarch__ps_v5,GOLD,egarch__ps,BTMC_nhan_tron
gold_btmc_nhan_tron_egarch__ps_v6,GOLD,egarch__ps,BTMC_nhan_tron
gold_btmc_nhan_tron_egarch__ps_v7,GOLD,egarch__ps,BTMC_nhan_tron
gold_btmc_sjc_egarch__ps_v5,GOLD,egarch__ps,BTMC_sjc
gold_btmc_sjc_egarch__ps_v4,GOLD,egarch__ps,BTMC_sjc
gold_btmc_sjc_egarch__ps_v7,GOLD,egarch__ps,BTMC_sjc
gold_btmc_sjc_egarch__ps_v2,GOLD,egarch__ps,BTMC_sjc
gold_btmc_sjc_egarch__ps_v3,GOLD,egarch__ps,BTMC_sjc
gold_btmc_sjc_egarch__ps_v8,GOLD,egarch__ps,BTMC_sjc
gold_btmc_sjc_egarch__ps,GOLD,egarch__ps,BTMC_sjc
gold_btmc_sjc_egarch__ps_v10,GOLD,egarch__ps,BTMC_sjc
gold_btmc_sjc_egarch__ps_v6,GOLD,egarch__ps,BTMC_sjc
gold_xau_spot_egarch__ps_v6,GOLD,egarch__ps,XAU_spot
gold_xau_spot_egarch__ps_v2,GOLD,egarch__ps,XAU_spot
gold_xau_spot_egarch__ps_v10,GOLD,egarch__ps,XAU_spot
gold_xau_spot_egarch__ps_v5,GOLD,egarch__ps,XAU_spot
gold_xau_spot_egarch__ps_v4,GOLD,egarch__ps,XAU_spot
gold_xau_spot_egarch__ps,GOLD,egarch__ps,XAU_spot
gold_xau_spot_egarch__ps_v7,GOLD,egarch__ps,XAU_spot
gold_xau_spot_egarch__ps_v8,GOLD,egarch__ps,XAU_spot
gold_ema_v7,GOLD,ema,
gold_ema_v10,GOLD,ema,
gold_ema_v5,GOLD,ema,
gold_ema_v2,GOLD,ema,
gold_ema_v6,GOLD,ema,
gold_ema_v4,GOLD,ema,
gold_ema_v8,GOLD,ema,
gold_ema,GOLD,ema,
gold_ema_v9,GOLD,ema,
gold_ema_v3,GOLD,ema,
gold_btmc_nhan_tron_ema__ps,GOLD,ema__ps,BTMC_nhan_tron
gold_btmc_nhan_tron_ema__ps_v3,GOLD,ema__ps,BTMC_nhan_tron
gold_btmc_nhan_tron_ema__ps_v9,GOLD,ema__ps,BTMC_nhan_tron
gold_btmc_nhan_tron_ema__ps_v8,GOLD,ema__ps,BTMC_nhan_tron
gold_btmc_nhan_tron_ema__ps_v7,GOLD,ema__ps,BTMC_nhan_tron
gold_btmc_nhan_tron_ema__ps_v6,GOLD,ema__ps,BTMC_nhan_tron
gold_btmc_nhan_tron_ema__ps_v4,GOLD,ema__ps,BTMC_nhan_tron
gold_btmc_nhan_tron_ema__ps_v5,GOLD,ema__ps,BTMC_nhan_tron
gold_btmc_nhan_tron_ema__ps_v2,GOLD,ema__ps,BTMC_nhan_tron
gold_btmc_nhan_tron_ema__ps_v10,GOLD,ema__ps,BTMC_nhan_tron
gold_btmc_sjc_ema__ps_v8,GOLD,ema__ps,BTMC_sjc
gold_btmc_sjc_ema__ps_v3,GOLD,ema__ps,BTMC_sjc
gold_btmc_sjc_ema__ps_v10,GOLD,ema__ps,BTMC_sjc
gold_btmc_sjc_ema__ps_v7,GOLD,ema__ps,BTMC_sjc
gold_btmc_sjc_ema__ps_v4,GOLD,ema__ps,BTMC_sjc
gold_btmc_sjc_ema__ps,GOLD,ema__ps,BTMC_sjc
gold_btmc_sjc_ema__ps_v9,GOLD,ema__ps,BTMC_sjc
gold_btmc_sjc_ema__ps_v2,GOLD,ema__ps,BTMC_sjc
gold_btmc_sjc_ema__ps_v6,GOLD,ema__ps,BTMC_sjc
gold_btmc_sjc_ema__ps_v5,GOLD,ema__ps,BTMC_sjc
gold_xau_spot_ema__ps_v6,GOLD,ema__ps,XAU_spot
gold_xau_spot_ema__ps_v3,GOLD,ema__ps,XAU_spot
gold_xau_spot_ema__ps_v4,GOLD,ema__ps,XAU_spot
gold_xau_spot_ema__ps_v9,GOLD,ema__ps,XAU_spot
gold_xau_spot_ema__ps_v8,GOLD,ema__ps,XAU_spot
gold_xau_spot_ema__ps_v10,GOLD,ema__ps,XAU_spot
gold_xau_spot_ema__ps_v2,GOLD,ema__ps,XAU_spot
gold_xau_spot_ema__ps_v7,GOLD,ema__ps,XAU_spot
gold_xau_spot_ema__ps_v5,GOLD,ema__ps,XAU_spot
gold_xau_spot_ema__ps,GOLD,ema__ps,XAU_spot
gold_btmc_nhan_tron_ensemble__ps_v6,GOLD,ensemble__ps,BTMC_nhan_tron
gold_btmc_nhan_tron_ensemble__ps_v7,GOLD,ensemble__ps,BTMC_nhan_tron
gold_btmc_nhan_tron_ensemble__ps_v10,GOLD,ensemble__ps,BTMC_nhan_tron
gold_btmc_nhan_tron_ensemble__ps,GOLD,ensemble__ps,BTMC_nhan_tron
gold_btmc_nhan_tron_ensemble__ps_v8,GOLD,ensemble__ps,BTMC_nhan_tron
gold_btmc_nhan_tron_ensemble__ps_v4,GOLD,ensemble__ps,BTMC_nhan_tron
gold_btmc_nhan_tron_ensemble__ps_v2,GOLD,ensemble__ps,BTMC_nhan_tron
gold_btmc_nhan_tron_ensemble__ps_v5,GOLD,ensemble__ps,BTMC_nhan_tron
gold_btmc_nhan_tron_ensemble__ps_v9,GOLD,ensemble__ps,BTMC_nhan_tron
gold_btmc_nhan_tron_ensemble__ps_v3,GOLD,ensemble__ps,BTMC_nhan_tron
gold_btmc_sjc_ensemble__ps_v7,GOLD,ensemble__ps,BTMC_sjc
gold_btmc_sjc_ensemble__ps_v8,GOLD,ensemble__ps,BTMC_sjc
gold_btmc_sjc_ensemble__ps,GOLD,ensemble__ps,BTMC_sjc
gold_btmc_sjc_ensemble__ps_v2,GOLD,ensemble__ps,BTMC_sjc
gold_btmc_sjc_ensemble__ps_v4,GOLD,ensemble__ps,BTMC_sjc
gold_btmc_sjc_ensemble__ps_v9,GOLD,ensemble__ps,BTMC_sjc
gold_btmc_sjc_ensemble__ps_v3,GOLD,ensemble__ps,BTMC_sjc
gold_btmc_sjc_ensemble__ps_v5,GOLD,ensemble__ps,BTMC_sjc
gold_btmc_sjc_ensemble__ps_v6,GOLD,ensemble__ps,BTMC_sjc
gold_btmc_sjc_ensemble__ps_v10,GOLD,ensemble__ps,BTMC_sjc
gold_xau_spot_ensemble__ps_v4,GOLD,ensemble__ps,XAU_spot
gold_xau_spot_ensemble__ps_v10,GOLD,ensemble__ps,XAU_spot
gold_btmc_nhan_tron_gru_nn__ps_v8,GOLD,gru_nn__ps,BTMC_nhan_tron
gold_btmc_nhan_tron_gru_nn__ps_v2,GOLD,gru_nn__ps,BTMC_nhan_tron
gold_btmc_nhan_tron_gru_nn__ps_v10,GOLD,gru_nn__ps,BTMC_nhan_tron
gold_btmc_nhan_tron_gru_nn__ps_v5,GOLD,gru_nn__ps,BTMC_nhan_tron
gold_btmc_sjc_gru_nn__ps_v5,GOLD,gru_nn__ps,BTMC_sjc
gold_btmc_sjc_gru_nn__ps_v10,GOLD,gru_nn__ps,BTMC_sjc
gold_xau_spot_gru_nn__ps_v4,GOLD,gru_nn__ps,XAU_spot
gold_lightgbm_v5,GOLD,lightgbm,
gold_lightgbm_v10,GOLD,lightgbm,
gold_lightgbm_v2,GOLD,lightgbm,
gold_lightgbm_v4,GOLD,lightgbm,
gold_btmc_nhan_tron_lightgbm__ps_v2,GOLD,lightgbm__ps,BTMC_nhan_tron
gold_btmc_nhan_tron_lightgbm__ps_v6,GOLD,lightgbm__ps,BTMC_nhan_tron
gold_btmc_nhan_tron_lightgbm__ps_v3,GOLD,lightgbm__ps,BTMC_nhan_tron
gold_btmc_nhan_tron_lightgbm__ps_v9,GOLD,lightgbm__ps,BTMC_nhan_tron
gold_btmc_nhan_tron_lightgbm__ps_v8,GOLD,lightgbm__ps,BTMC_nhan_tron
gold_btmc_nhan_tron_lightgbm__ps_v7,GOLD,lightgbm__ps,BTMC_nhan_tron
gold_btmc_nhan_tron_lightgbm__ps_v10,GOLD,lightgbm__ps,BTMC_nhan_tron
gold_btmc_nhan_tron_lightgbm__ps_v4,GOLD,lightgbm__ps,BTMC_nhan_tron
gold_btmc_nhan_tron_lightgbm__ps,GOLD,lightgbm__ps,BTMC_nhan_tron
gold_btmc_nhan_tron_lightgbm__ps_v5,GOLD,lightgbm__ps,BTMC_nhan_tron
gold_btmc_sjc_lightgbm__ps_v5,GOLD,lightgbm__ps,BTMC_sjc
gold_btmc_sjc_lightgbm__ps_v2,GOLD,lightgbm__ps,BTMC_sjc
gold_btmc_sjc_lightgbm__ps_v6,GOLD,lightgbm__ps,BTMC_sjc
gold_btmc_sjc_lightgbm__ps_v7,GOLD,lightgbm__ps,BTMC_sjc
gold_btmc_sjc_lightgbm__ps_v10,GOLD,lightgbm__ps,BTMC_sjc
gold_btmc_sjc_lightgbm__ps,GOLD,lightgbm__ps,BTMC_sjc
gold_btmc_sjc_lightgbm__ps_v8,GOLD,lightgbm__ps,BTMC_sjc
gold_btmc_sjc_lightgbm__ps_v9,GOLD,lightgbm__ps,BTMC_sjc
gold_btmc_sjc_lightgbm__ps_v4,GOLD,lightgbm__ps,BTMC_sjc
gold_btmc_sjc_lightgbm__ps_v3,GOLD,lightgbm__ps,BTMC_sjc
gold_xau_spot_lightgbm__ps_v5,GOLD,lightgbm__ps,XAU_spot
gold_xau_spot_lightgbm__ps_v7,GOLD,lightgbm__ps,XAU_spot
gold_xau_spot_lightgbm__ps,GOLD,lightgbm__ps,XAU_spot
gold_xau_spot_lightgbm__ps_v6,GOLD,lightgbm__ps,XAU_spot
gold_xau_spot_lightgbm__ps_v10,GOLD,lightgbm__ps,XAU_spot
gold_xau_spot_lightgbm__ps_v2,GOLD,lightgbm__ps,XAU_spot
gold_xau_spot_lightgbm__ps_v4,GOLD,lightgbm__ps,XAU_spot
gold_xau_spot_lightgbm__ps_v8,GOLD,lightgbm__ps,XAU_spot
gold_btmc_nhan_tron_lstm_nn__ps_v5,GOLD,lstm_nn__ps,BTMC_nhan_tron
gold_btmc_nhan_tron_lstm_nn__ps_v10,GOLD,lstm_nn__ps,BTMC_nhan_tron
gold_btmc_sjc_lstm_nn__ps_v10,GOLD,lstm_nn__ps,BTMC_sjc
gold_btmc_sjc_lstm_nn__ps_v5,GOLD,lstm_nn__ps,BTMC_sjc
gold_xau_spot_lstm_nn__ps_v4,GOLD,lstm_nn__ps,XAU_spot
gold_moving_average_v3,GOLD,moving_average,
gold_moving_average_v7,GOLD,moving_average,
gold_moving_average_v10,GOLD,moving_average,
gold_moving_average_v8,GOLD,moving_average,
gold_moving_average_v2,GOLD,moving_average,
gold_moving_average_v5,GOLD,moving_average,
gold_moving_average_v6,GOLD,moving_average,
gold_moving_average_v9,GOLD,moving_average,
gold_moving_average_v4,GOLD,moving_average,
gold_moving_average,GOLD,moving_average,
gold_btmc_nhan_tron_moving_average__ps_v3,GOLD,moving_average__ps,BTMC_nhan_tron
gold_btmc_nhan_tron_moving_average__ps_v6,GOLD,moving_average__ps,BTMC_nhan_tron
gold_btmc_nhan_tron_moving_average__ps,GOLD,moving_average__ps,BTMC_nhan_tron
gold_btmc_nhan_tron_moving_average__ps_v9,GOLD,moving_average__ps,BTMC_nhan_tron
gold_btmc_nhan_tron_moving_average__ps_v8,GOLD,moving_average__ps,BTMC_nhan_tron
gold_btmc_nhan_tron_moving_average__ps_v7,GOLD,moving_average__ps,BTMC_nhan_tron
gold_btmc_nhan_tron_moving_average__ps_v5,GOLD,moving_average__ps,BTMC_nhan_tron
gold_btmc_nhan_tron_moving_average__ps_v4,GOLD,moving_average__ps,BTMC_nhan_tron
gold_btmc_nhan_tron_moving_average__ps_v10,GOLD,moving_average__ps,BTMC_nhan_tron
gold_btmc_nhan_tron_moving_average__ps_v2,GOLD,moving_average__ps,BTMC_nhan_tron
gold_btmc_sjc_moving_average__ps_v4,GOLD,moving_average__ps,BTMC_sjc
gold_btmc_sjc_moving_average__ps_v8,GOLD,moving_average__ps,BTMC_sjc
gold_btmc_sjc_moving_average__ps,GOLD,moving_average__ps,BTMC_sjc
gold_btmc_sjc_moving_average__ps_v6,GOLD,moving_average__ps,BTMC_sjc
gold_btmc_sjc_moving_average__ps_v9,GOLD,moving_average__ps,BTMC_sjc
gold_btmc_sjc_moving_average__ps_v5,GOLD,moving_average__ps,BTMC_sjc
gold_btmc_sjc_moving_average__ps_v10,GOLD,moving_average__ps,BTMC_sjc
gold_btmc_sjc_moving_average__ps_v2,GOLD,moving_average__ps,BTMC_sjc
gold_btmc_sjc_moving_average__ps_v7,GOLD,moving_average__ps,BTMC_sjc
gold_btmc_sjc_moving_average__ps_v3,GOLD,moving_average__ps,BTMC_sjc
gold_xau_spot_moving_average__ps_v8,GOLD,moving_average__ps,XAU_spot
gold_xau_spot_moving_average__ps_v6,GOLD,moving_average__ps,XAU_spot
gold_xau_spot_moving_average__ps_v3,GOLD,moving_average__ps,XAU_spot
gold_xau_spot_moving_average__ps,GOLD,moving_average__ps,XAU_spot
gold_xau_spot_moving_average__ps_v7,GOLD,moving_average__ps,XAU_spot
gold_xau_spot_moving_average__ps_v10,GOLD,moving_average__ps,XAU_spot
gold_xau_spot_moving_average__ps_v9,GOLD,moving_average__ps,XAU_spot
gold_xau_spot_moving_average__ps_v5,GOLD,moving_average__ps,XAU_spot
gold_xau_spot_moving_average__ps_v4,GOLD,moving_average__ps,XAU_spot
gold_xau_spot_moving_average__ps_v2,GOLD,moving_average__ps,XAU_spot
gold_random_forest_v2,GOLD,random_forest,
gold_random_forest_v6,GOLD,random_forest,
gold_random_forest_v5,GOLD,random_forest,
gold_random_forest_v10,GOLD,random_forest,
gold_random_forest_v8,GOLD,random_forest,
gold_random_forest_v4,GOLD,random_forest,
gold_random_forest_v7,GOLD,random_forest,
gold_random_forest,GOLD,random_forest,
gold_btmc_nhan_tron_random_forest__ps_v10,GOLD,random_forest__ps,BTMC_nhan_tron
gold_btmc_nhan_tron_random_forest__ps_v4,GOLD,random_forest__ps,BTMC_nhan_tron
gold_btmc_nhan_tron_random_forest__ps,GOLD,random_forest__ps,BTMC_nhan_tron
gold_btmc_nhan_tron_random_forest__ps_v8,GOLD,random_forest__ps,BTMC_nhan_tron
gold_btmc_nhan_tron_random_forest__ps_v7,GOLD,random_forest__ps,BTMC_nhan_tron
gold_btmc_nhan_tron_random_forest__ps_v9,GOLD,random_forest__ps,BTMC_nhan_tron
gold_btmc_nhan_tron_random_forest__ps_v5,GOLD,random_forest__ps,BTMC_nhan_tron
gold_btmc_nhan_tron_random_forest__ps_v2,GOLD,random_forest__ps,BTMC_nhan_tron
gold_btmc_nhan_tron_random_forest__ps_v3,GOLD,random_forest__ps,BTMC_nhan_tron
gold_btmc_nhan_tron_random_forest__ps_v6,GOLD,random_forest__ps,BTMC_nhan_tron
gold_btmc_sjc_random_forest__ps_v4,GOLD,random_forest__ps,BTMC_sjc
gold_btmc_sjc_random_forest__ps_v3,GOLD,random_forest__ps,BTMC_sjc
gold_btmc_sjc_random_forest__ps,GOLD,random_forest__ps,BTMC_sjc
gold_btmc_sjc_random_forest__ps_v8,GOLD,random_forest__ps,BTMC_sjc
gold_btmc_sjc_random_forest__ps_v5,GOLD,random_forest__ps,BTMC_sjc
gold_btmc_sjc_random_forest__ps_v10,GOLD,random_forest__ps,BTMC_sjc
gold_btmc_sjc_random_forest__ps_v2,GOLD,random_forest__ps,BTMC_sjc
gold_btmc_sjc_random_forest__ps_v7,GOLD,random_forest__ps,BTMC_sjc
gold_btmc_sjc_random_forest__ps_v9,GOLD,random_forest__ps,BTMC_sjc
gold_btmc_sjc_random_forest__ps_v6,GOLD,random_forest__ps,BTMC_sjc
gold_xau_spot_random_forest__ps_v6,GOLD,random_forest__ps,XAU_spot
gold_xau_spot_random_forest__ps_v7,GOLD,random_forest__ps,XAU_spot
gold_xau_spot_random_forest__ps_v2,GOLD,random_forest__ps,XAU_spot
gold_xau_spot_random_forest__ps_v4,GOLD,random_forest__ps,XAU_spot
gold_xau_spot_random_forest__ps_v10,GOLD,random_forest__ps,XAU_spot
gold_xau_spot_random_forest__ps_v8,GOLD,random_forest__ps,XAU_spot
gold_xau_spot_random_forest__ps,GOLD,random_forest__ps,XAU_spot
gold_xau_spot_random_forest__ps_v5,GOLD,random_forest__ps,XAU_spot
gold_btmc_nhan_tron_rl_dqn__ps,GOLD,rl_dqn__ps,BTMC_nhan_tron
gold_btmc_sjc_rl_dqn__ps,GOLD,rl_dqn__ps,BTMC_sjc
gold_xau_spot_rl_dqn__ps,GOLD,rl_dqn__ps,XAU_spot
gold_sarima_v9,GOLD,sarima,
gold_sarima_v4,GOLD,sarima,
gold_sarima_v6,GOLD,sarima,
gold_sarima_v3,GOLD,sarima,
gold_sarima_v8,GOLD,sarima,
gold_sarima_v5,GOLD,sarima,
gold_sarima_v7,GOLD,sarima,
gold_sarima_v10,GOLD,sarima,
gold_sarima,GOLD,sarima,
gold_sarima_v2,GOLD,sarima,
gold_btmc_nhan_tron_sarima__ps_v5,GOLD,sarima__ps,BTMC_nhan_tron
gold_btmc_nhan_tron_sarima__ps_v9,GOLD,sarima__ps,BTMC_nhan_tron
gold_btmc_nhan_tron_sarima__ps_v2,GOLD,sarima__ps,BTMC_nhan_tron
gold_btmc_nhan_tron_sarima__ps_v6,GOLD,sarima__ps,BTMC_nhan_tron
gold_btmc_nhan_tron_sarima__ps,GOLD,sarima__ps,BTMC_nhan_tron
gold_btmc_nhan_tron_sarima__ps_v3,GOLD,sarima__ps,BTMC_nhan_tron
gold_btmc_nhan_tron_sarima__ps_v8,GOLD,sarima__ps,BTMC_nhan_tron
gold_btmc_nhan_tron_sarima__ps_v7,GOLD,sarima__ps,BTMC_nhan_tron
gold_btmc_nhan_tron_sarima__ps_v10,GOLD,sarima__ps,BTMC_nhan_tron
gold_btmc_nhan_tron_sarima__ps_v4,GOLD,sarima__ps,BTMC_nhan_tron
gold_btmc_sjc_sarima__ps_v4,GOLD,sarima__ps,BTMC_sjc
gold_btmc_sjc_sarima__ps,GOLD,sarima__ps,BTMC_sjc
gold_btmc_sjc_sarima__ps_v9,GOLD,sarima__ps,BTMC_sjc
gold_btmc_sjc_sarima__ps_v5,GOLD,sarima__ps,BTMC_sjc
gold_btmc_sjc_sarima__ps_v3,GOLD,sarima__ps,BTMC_sjc
gold_btmc_sjc_sarima__ps_v8,GOLD,sarima__ps,BTMC_sjc
gold_btmc_sjc_sarima__ps_v10,GOLD,sarima__ps,BTMC_sjc
gold_btmc_sjc_sarima__ps_v6,GOLD,sarima__ps,BTMC_sjc
gold_btmc_sjc_sarima__ps_v7,GOLD,sarima__ps,BTMC_sjc
gold_btmc_sjc_sarima__ps_v2,GOLD,sarima__ps,BTMC_sjc
gold_xau_spot_sarima__ps_v9,GOLD,sarima__ps,XAU_spot
gold_xau_spot_sarima__ps_v3,GOLD,sarima__ps,XAU_spot
gold_xau_spot_sarima__ps_v8,GOLD,sarima__ps,XAU_spot
gold_xau_spot_sarima__ps_v10,GOLD,sarima__ps,XAU_spot
gold_xau_spot_sarima__ps_v6,GOLD,sarima__ps,XAU_spot
gold_xau_spot_sarima__ps_v2,GOLD,sarima__ps,XAU_spot
gold_xau_spot_sarima__ps_v5,GOLD,sarima__ps,XAU_spot
gold_xau_spot_sarima__ps_v7,GOLD,sarima__ps,XAU_spot
gold_xau_spot_sarima__ps_v4,GOLD,sarima__ps,XAU_spot
gold_xau_spot_sarima__ps,GOLD,sarima__ps,XAU_spot
gold_xgboost_v10,GOLD,xgboost,
gold_xgboost_v4,GOLD,xgboost,
gold_btmc_nhan_tron_xgboost__ps_v2,GOLD,xgboost__ps,BTMC_nhan_tron
gold_btmc_nhan_tron_xgboost__ps_v10,GOLD,xgboost__ps,BTMC_nhan_tron
gold_btmc_nhan_tron_xgboost__ps_v8,GOLD,xgboost__ps,BTMC_nhan_tron
gold_btmc_nhan_tron_xgboost__ps_v4,GOLD,xgboost__ps,BTMC_nhan_tron
gold_btmc_nhan_tron_xgboost__ps_v5,GOLD,xgboost__ps,BTMC_nhan_tron
gold_btmc_sjc_xgboost__ps_v6,GOLD,xgboost__ps,BTMC_sjc
gold_btmc_sjc_xgboost__ps_v4,GOLD,xgboost__ps,BTMC_sjc
gold_btmc_sjc_xgboost__ps_v7,GOLD,xgboost__ps,BTMC_sjc
gold_btmc_sjc_xgboost__ps_v10,GOLD,xgboost__ps,BTMC_sjc
gold_btmc_sjc_xgboost__ps_v8,GOLD,xgboost__ps,BTMC_sjc
gold_btmc_sjc_xgboost__ps_v5,GOLD,xgboost__ps,BTMC_sjc
gold_btmc_sjc_xgboost__ps,GOLD,xgboost__ps,BTMC_sjc
gold_btmc_sjc_xgboost__ps_v2,GOLD,xgboost__ps,BTMC_sjc
gold_xau_spot_xgboost__ps_v8,GOLD,xgboost__ps,XAU_spot
gold_xau_spot_xgboost__ps_v5,GOLD,xgboost__ps,XAU_spot
gold_xau_spot_xgboost__ps,GOLD,xgboost__ps,XAU_spot
gold_xau_spot_xgboost__ps_v4,GOLD,xgboost__ps,XAU_spot
gold_xau_spot_xgboost__ps_v6,GOLD,xgboost__ps,XAU_spot
gold_xau_spot_xgboost__ps_v10,GOLD,xgboost__ps,XAU_spot
gold_xau_spot_xgboost__ps_v7,GOLD,xgboost__ps,XAU_spot
gold_xau_spot_xgboost__ps_v2,GOLD,xgboost__ps,XAU_spot
nasdaq_aapl_arima_garch__ps_v10,NASDAQ,arima_garch__ps,AAPL
nasdaq_aapl_arima_garch__ps_v5,NASDAQ,arima_garch__ps,AAPL
nasdaq_adbe_arima_garch__ps_v4,NASDAQ,arima_garch__ps,ADBE
nasdaq_adbe_arima_garch__ps_v2,NASDAQ,arima_garch__ps,ADBE
nasdaq_adbe_arima_garch__ps_v10,NASDAQ,arima_garch__ps,ADBE
nasdaq_adbe_arima_garch__ps_v7,NASDAQ,arima_garch__ps,ADBE
nasdaq_adbe_arima_garch__ps,NASDAQ,arima_garch__ps,ADBE
nasdaq_adbe_arima_garch__ps_v6,NASDAQ,arima_garch__ps,ADBE
nasdaq_adbe_arima_garch__ps_v5,NASDAQ,arima_garch__ps,ADBE
nasdaq_adbe_arima_garch__ps_v8,NASDAQ,arima_garch__ps,ADBE
nasdaq_amd_arima_garch__ps_v5,NASDAQ,arima_garch__ps,AMD
nasdaq_amd_arima_garch__ps_v10,NASDAQ,arima_garch__ps,AMD
nasdaq_amzn_arima_garch__ps_v7,NASDAQ,arima_garch__ps,AMZN
nasdaq_amzn_arima_garch__ps_v8,NASDAQ,arima_garch__ps,AMZN
nasdaq_amzn_arima_garch__ps_v10,NASDAQ,arima_garch__ps,AMZN
nasdaq_amzn_arima_garch__ps_v5,NASDAQ,arima_garch__ps,AMZN
nasdaq_amzn_arima_garch__ps,NASDAQ,arima_garch__ps,AMZN
nasdaq_amzn_arima_garch__ps_v2,NASDAQ,arima_garch__ps,AMZN
nasdaq_amzn_arima_garch__ps_v6,NASDAQ,arima_garch__ps,AMZN
nasdaq_amzn_arima_garch__ps_v4,NASDAQ,arima_garch__ps,AMZN
nasdaq_avgo_arima_garch__ps_v10,NASDAQ,arima_garch__ps,AVGO
nasdaq_avgo_arima_garch__ps_v5,NASDAQ,arima_garch__ps,AVGO
nasdaq_cost_arima_garch__ps_v7,NASDAQ,arima_garch__ps,COST
nasdaq_cost_arima_garch__ps,NASDAQ,arima_garch__ps,COST
nasdaq_cost_arima_garch__ps_v5,NASDAQ,arima_garch__ps,COST
nasdaq_cost_arima_garch__ps_v2,NASDAQ,arima_garch__ps,COST
nasdaq_cost_arima_garch__ps_v10,NASDAQ,arima_garch__ps,COST
nasdaq_cost_arima_garch__ps_v3,NASDAQ,arima_garch__ps,COST
nasdaq_cost_arima_garch__ps_v9,NASDAQ,arima_garch__ps,COST
nasdaq_cost_arima_garch__ps_v4,NASDAQ,arima_garch__ps,COST
nasdaq_cost_arima_garch__ps_v8,NASDAQ,arima_garch__ps,COST
nasdaq_cost_arima_garch__ps_v6,NASDAQ,arima_garch__ps,COST
nasdaq_csco_arima_garch__ps_v2,NASDAQ,arima_garch__ps,CSCO
nasdaq_csco_arima_garch__ps_v8,NASDAQ,arima_garch__ps,CSCO
nasdaq_csco_arima_garch__ps_v5,NASDAQ,arima_garch__ps,CSCO
nasdaq_csco_arima_garch__ps_v10,NASDAQ,arima_garch__ps,CSCO
nasdaq_googl_arima_garch__ps_v4,NASDAQ,arima_garch__ps,GOOGL
nasdaq_googl_arima_garch__ps_v3,NASDAQ,arima_garch__ps,GOOGL
nasdaq_googl_arima_garch__ps_v10,NASDAQ,arima_garch__ps,GOOGL
nasdaq_googl_arima_garch__ps_v2,NASDAQ,arima_garch__ps,GOOGL
nasdaq_googl_arima_garch__ps_v7,NASDAQ,arima_garch__ps,GOOGL
nasdaq_googl_arima_garch__ps_v6,NASDAQ,arima_garch__ps,GOOGL
nasdaq_googl_arima_garch__ps_v8,NASDAQ,arima_garch__ps,GOOGL
nasdaq_googl_arima_garch__ps_v9,NASDAQ,arima_garch__ps,GOOGL
nasdaq_googl_arima_garch__ps_v5,NASDAQ,arima_garch__ps,GOOGL
nasdaq_googl_arima_garch__ps,NASDAQ,arima_garch__ps,GOOGL
nasdaq_intc_arima_garch__ps_v10,NASDAQ,arima_garch__ps,INTC
nasdaq_meta_arima_garch__ps_v10,NASDAQ,arima_garch__ps,META
nasdaq_meta_arima_garch__ps_v7,NASDAQ,arima_garch__ps,META
nasdaq_meta_arima_garch__ps,NASDAQ,arima_garch__ps,META
nasdaq_meta_arima_garch__ps_v2,NASDAQ,arima_garch__ps,META
nasdaq_meta_arima_garch__ps_v8,NASDAQ,arima_garch__ps,META
nasdaq_meta_arima_garch__ps_v6,NASDAQ,arima_garch__ps,META
nasdaq_meta_arima_garch__ps_v5,NASDAQ,arima_garch__ps,META
nasdaq_meta_arima_garch__ps_v4,NASDAQ,arima_garch__ps,META
nasdaq_msft_arima_garch__ps_v10,NASDAQ,arima_garch__ps,MSFT
nasdaq_msft_arima_garch__ps_v2,NASDAQ,arima_garch__ps,MSFT
nasdaq_msft_arima_garch__ps_v5,NASDAQ,arima_garch__ps,MSFT
nasdaq_nflx_arima_garch__ps_v5,NASDAQ,arima_garch__ps,NFLX
nasdaq_nflx_arima_garch__ps_v10,NASDAQ,arima_garch__ps,NFLX
nasdaq_nvda_arima_garch__ps_v6,NASDAQ,arima_garch__ps,NVDA
nasdaq_nvda_arima_garch__ps_v10,NASDAQ,arima_garch__ps,NVDA
nasdaq_nvda_arima_garch__ps_v4,NASDAQ,arima_garch__ps,NVDA
nasdaq_nvda_arima_garch__ps_v2,NASDAQ,arima_garch__ps,NVDA
nasdaq_nvda_arima_garch__ps,NASDAQ,arima_garch__ps,NVDA
nasdaq_nvda_arima_garch__ps_v7,NASDAQ,arima_garch__ps,NVDA
nasdaq_nvda_arima_garch__ps_v8,NASDAQ,arima_garch__ps,NVDA
nasdaq_nvda_arima_garch__ps_v5,NASDAQ,arima_garch__ps,NVDA
nasdaq_tsla_arima_garch__ps_v4,NASDAQ,arima_garch__ps,TSLA
nasdaq_tsla_arima_garch__ps_v5,NASDAQ,arima_garch__ps,TSLA
nasdaq_tsla_arima_garch__ps,NASDAQ,arima_garch__ps,TSLA
nasdaq_tsla_arima_garch__ps_v7,NASDAQ,arima_garch__ps,TSLA
nasdaq_tsla_arima_garch__ps_v6,NASDAQ,arima_garch__ps,TSLA
nasdaq_tsla_arima_garch__ps_v2,NASDAQ,arima_garch__ps,TSLA
nasdaq_tsla_arima_garch__ps_v8,NASDAQ,arima_garch__ps,TSLA
nasdaq_tsla_arima_garch__ps_v3,NASDAQ,arima_garch__ps,TSLA
nasdaq_tsla_arima_garch__ps_v10,NASDAQ,arima_garch__ps,TSLA
nasdaq_aapl_egarch__ps_v8,NASDAQ,egarch__ps,AAPL
nasdaq_aapl_egarch__ps_v4,NASDAQ,egarch__ps,AAPL
nasdaq_aapl_egarch__ps,NASDAQ,egarch__ps,AAPL
nasdaq_aapl_egarch__ps_v2,NASDAQ,egarch__ps,AAPL
nasdaq_aapl_egarch__ps_v5,NASDAQ,egarch__ps,AAPL
nasdaq_aapl_egarch__ps_v7,NASDAQ,egarch__ps,AAPL
nasdaq_aapl_egarch__ps_v9,NASDAQ,egarch__ps,AAPL
nasdaq_aapl_egarch__ps_v10,NASDAQ,egarch__ps,AAPL
nasdaq_aapl_egarch__ps_v6,NASDAQ,egarch__ps,AAPL
nasdaq_aapl_egarch__ps_v3,NASDAQ,egarch__ps,AAPL
nasdaq_adbe_egarch__ps_v10,NASDAQ,egarch__ps,ADBE
nasdaq_adbe_egarch__ps_v5,NASDAQ,egarch__ps,ADBE
nasdaq_amzn_egarch__ps_v8,NASDAQ,egarch__ps,AMZN
nasdaq_amzn_egarch__ps_v5,NASDAQ,egarch__ps,AMZN
nasdaq_amzn_egarch__ps_v2,NASDAQ,egarch__ps,AMZN
nasdaq_amzn_egarch__ps_v10,NASDAQ,egarch__ps,AMZN
nasdaq_cost_egarch__ps_v2,NASDAQ,egarch__ps,COST
nasdaq_cost_egarch__ps_v5,NASDAQ,egarch__ps,COST
nasdaq_cost_egarch__ps_v8,NASDAQ,egarch__ps,COST
nasdaq_cost_egarch__ps_v10,NASDAQ,egarch__ps,COST
nasdaq_msft_egarch__ps_v10,NASDAQ,egarch__ps,MSFT
nasdaq_msft_egarch__ps_v2,NASDAQ,egarch__ps,MSFT
nasdaq_msft_egarch__ps,NASDAQ,egarch__ps,MSFT
nasdaq_msft_egarch__ps_v8,NASDAQ,egarch__ps,MSFT
nasdaq_msft_egarch__ps_v4,NASDAQ,egarch__ps,MSFT
nasdaq_msft_egarch__ps_v6,NASDAQ,egarch__ps,MSFT
nasdaq_msft_egarch__ps_v5,NASDAQ,egarch__ps,MSFT
nasdaq_msft_egarch__ps_v9,NASDAQ,egarch__ps,MSFT
nasdaq_msft_egarch__ps_v3,NASDAQ,egarch__ps,MSFT
nasdaq_msft_egarch__ps_v7,NASDAQ,egarch__ps,MSFT
nasdaq_nflx_egarch__ps,NASDAQ,egarch__ps,NFLX
nasdaq_nflx_egarch__ps_v2,NASDAQ,egarch__ps,NFLX
nasdaq_nflx_egarch__ps_v7,NASDAQ,egarch__ps,NFLX
nasdaq_nflx_egarch__ps_v3,NASDAQ,egarch__ps,NFLX
nasdaq_nflx_egarch__ps_v6,NASDAQ,egarch__ps,NFLX
nasdaq_nflx_egarch__ps_v4,NASDAQ,egarch__ps,NFLX
nasdaq_nflx_egarch__ps_v8,NASDAQ,egarch__ps,NFLX
nasdaq_nflx_egarch__ps_v5,NASDAQ,egarch__ps,NFLX
nasdaq_nflx_egarch__ps_v10,NASDAQ,egarch__ps,NFLX
nasdaq_nflx_egarch__ps_v9,NASDAQ,egarch__ps,NFLX
nasdaq_nvda_egarch__ps_v2,NASDAQ,egarch__ps,NVDA
nasdaq_nvda_egarch__ps_v8,NASDAQ,egarch__ps,NVDA
nasdaq_nvda_egarch__ps_v4,NASDAQ,egarch__ps,NVDA
nasdaq_nvda_egarch__ps_v7,NASDAQ,egarch__ps,NVDA
nasdaq_nvda_egarch__ps_v6,NASDAQ,egarch__ps,NVDA
nasdaq_nvda_egarch__ps,NASDAQ,egarch__ps,NVDA
nasdaq_nvda_egarch__ps_v10,NASDAQ,egarch__ps,NVDA
nasdaq_nvda_egarch__ps_v5,NASDAQ,egarch__ps,NVDA
nasdaq_qcom_egarch__ps_v10,NASDAQ,egarch__ps,QCOM
nasdaq_tsla_egarch__ps_v10,NASDAQ,egarch__ps,TSLA
nasdaq_ema_v2,NASDAQ,ema,
nasdaq_ema_v5,NASDAQ,ema,
nasdaq_ema_v10,NASDAQ,ema,
nasdaq_ema_v8,NASDAQ,ema,
nasdaq_aapl_ema__ps_v2,NASDAQ,ema__ps,AAPL
nasdaq_aapl_ema__ps,NASDAQ,ema__ps,AAPL
nasdaq_aapl_ema__ps_v3,NASDAQ,ema__ps,AAPL
nasdaq_aapl_ema__ps_v4,NASDAQ,ema__ps,AAPL
nasdaq_aapl_ema__ps_v8,NASDAQ,ema__ps,AAPL
nasdaq_aapl_ema__ps_v10,NASDAQ,ema__ps,AAPL
nasdaq_aapl_ema__ps_v5,NASDAQ,ema__ps,AAPL
nasdaq_aapl_ema__ps_v9,NASDAQ,ema__ps,AAPL
nasdaq_aapl_ema__ps_v7,NASDAQ,ema__ps,AAPL
nasdaq_aapl_ema__ps_v6,NASDAQ,ema__ps,AAPL
nasdaq_adbe_ema__ps_v5,NASDAQ,ema__ps,ADBE
nasdaq_adbe_ema__ps_v4,NASDAQ,ema__ps,ADBE
nasdaq_adbe_ema__ps_v8,NASDAQ,ema__ps,ADBE
nasdaq_adbe_ema__ps_v9,NASDAQ,ema__ps,ADBE
nasdaq_adbe_ema__ps_v6,NASDAQ,ema__ps,ADBE
nasdaq_adbe_ema__ps_v2,NASDAQ,ema__ps,ADBE
nasdaq_adbe_ema__ps_v10,NASDAQ,ema__ps,ADBE
nasdaq_adbe_ema__ps_v3,NASDAQ,ema__ps,ADBE
nasdaq_adbe_ema__ps_v7,NASDAQ,ema__ps,ADBE
nasdaq_adbe_ema__ps,NASDAQ,ema__ps,ADBE
nasdaq_amd_ema__ps_v5,NASDAQ,ema__ps,AMD
nasdaq_amd_ema__ps_v8,NASDAQ,ema__ps,AMD
nasdaq_amd_ema__ps_v10,NASDAQ,ema__ps,AMD
nasdaq_amd_ema__ps_v4,NASDAQ,ema__ps,AMD
nasdaq_amd_ema__ps_v2,NASDAQ,ema__ps,AMD
nasdaq_amzn_ema__ps_v2,NASDAQ,ema__ps,AMZN
nasdaq_amzn_ema__ps_v8,NASDAQ,ema__ps,AMZN
nasdaq_amzn_ema__ps_v3,NASDAQ,ema__ps,AMZN
nasdaq_amzn_ema__ps_v4,NASDAQ,ema__ps,AMZN
nasdaq_amzn_ema__ps_v9,NASDAQ,ema__ps,AMZN
nasdaq_amzn_ema__ps_v10,NASDAQ,ema__ps,AMZN
nasdaq_amzn_ema__ps_v5,NASDAQ,ema__ps,AMZN
nasdaq_amzn_ema__ps_v7,NASDAQ,ema__ps,AMZN
nasdaq_amzn_ema__ps_v6,NASDAQ,ema__ps,AMZN
nasdaq_amzn_ema__ps,NASDAQ,ema__ps,AMZN
nasdaq_avgo_ema__ps_v9,NASDAQ,ema__ps,AVGO
nasdaq_avgo_ema__ps_v6,NASDAQ,ema__ps,AVGO
nasdaq_avgo_ema__ps,NASDAQ,ema__ps,AVGO
nasdaq_avgo_ema__ps_v2,NASDAQ,ema__ps,AVGO
nasdaq_avgo_ema__ps_v10,NASDAQ,ema__ps,AVGO
nasdaq_avgo_ema__ps_v5,NASDAQ,ema__ps,AVGO
nasdaq_avgo_ema__ps_v7,NASDAQ,ema__ps,AVGO
nasdaq_avgo_ema__ps_v8,NASDAQ,ema__ps,AVGO
nasdaq_avgo_ema__ps_v3,NASDAQ,ema__ps,AVGO
nasdaq_avgo_ema__ps_v4,NASDAQ,ema__ps,AVGO
nasdaq_cost_ema__ps,NASDAQ,ema__ps,COST
nasdaq_cost_ema__ps_v6,NASDAQ,ema__ps,COST
nasdaq_cost_ema__ps_v7,NASDAQ,ema__ps,COST
nasdaq_cost_ema__ps_v4,NASDAQ,ema__ps,COST
nasdaq_cost_ema__ps_v9,NASDAQ,ema__ps,COST
nasdaq_cost_ema__ps_v2,NASDAQ,ema__ps,COST
nasdaq_cost_ema__ps_v3,NASDAQ,ema__ps,COST
nasdaq_cost_ema__ps_v8,NASDAQ,ema__ps,COST
nasdaq_cost_ema__ps_v5,NASDAQ,ema__ps,COST
nasdaq_cost_ema__ps_v10,NASDAQ,ema__ps,COST
nasdaq_csco_ema__ps_v6,NASDAQ,ema__ps,CSCO
nasdaq_csco_ema__ps_v2,NASDAQ,ema__ps,CSCO
nasdaq_csco_ema__ps_v10,NASDAQ,ema__ps,CSCO
nasdaq_csco_ema__ps_v5,NASDAQ,ema__ps,CSCO
nasdaq_csco_ema__ps,NASDAQ,ema__ps,CSCO
nasdaq_csco_ema__ps_v4,NASDAQ,ema__ps,CSCO
nasdaq_csco_ema__ps_v8,NASDAQ,ema__ps,CSCO
nasdaq_csco_ema__ps_v9,NASDAQ,ema__ps,CSCO
nasdaq_csco_ema__ps_v3,NASDAQ,ema__ps,CSCO
nasdaq_csco_ema__ps_v7,NASDAQ,ema__ps,CSCO
nasdaq_googl_ema__ps_v3,NASDAQ,ema__ps,GOOGL
nasdaq_googl_ema__ps_v5,NASDAQ,ema__ps,GOOGL
nasdaq_googl_ema__ps_v2,NASDAQ,ema__ps,GOOGL
nasdaq_googl_ema__ps_v8,NASDAQ,ema__ps,GOOGL
nasdaq_googl_ema__ps_v7,NASDAQ,ema__ps,GOOGL
nasdaq_googl_ema__ps_v6,NASDAQ,ema__ps,GOOGL
nasdaq_googl_ema__ps_v4,NASDAQ,ema__ps,GOOGL
nasdaq_googl_ema__ps_v10,NASDAQ,ema__ps,GOOGL
nasdaq_googl_ema__ps,NASDAQ,ema__ps,GOOGL
nasdaq_googl_ema__ps_v9,NASDAQ,ema__ps,GOOGL
nasdaq_intc_ema__ps_v10,NASDAQ,ema__ps,INTC
nasdaq_intc_ema__ps_v8,NASDAQ,ema__ps,INTC
nasdaq_intc_ema__ps_v2,NASDAQ,ema__ps,INTC
nasdaq_intc_ema__ps_v4,NASDAQ,ema__ps,INTC
nasdaq_intc_ema__ps_v5,NASDAQ,ema__ps,INTC
nasdaq_meta_ema__ps_v6,NASDAQ,ema__ps,META
nasdaq_meta_ema__ps_v4,NASDAQ,ema__ps,META
nasdaq_meta_ema__ps_v2,NASDAQ,ema__ps,META
nasdaq_meta_ema__ps_v9,NASDAQ,ema__ps,META
nasdaq_meta_ema__ps,NASDAQ,ema__ps,META
nasdaq_meta_ema__ps_v7,NASDAQ,ema__ps,META
nasdaq_meta_ema__ps_v3,NASDAQ,ema__ps,META
nasdaq_meta_ema__ps_v10,NASDAQ,ema__ps,META
nasdaq_meta_ema__ps_v5,NASDAQ,ema__ps,META
nasdaq_meta_ema__ps_v8,NASDAQ,ema__ps,META
nasdaq_msft_ema__ps_v4,NASDAQ,ema__ps,MSFT
nasdaq_msft_ema__ps_v5,NASDAQ,ema__ps,MSFT
nasdaq_msft_ema__ps_v9,NASDAQ,ema__ps,MSFT
nasdaq_msft_ema__ps_v2,NASDAQ,ema__ps,MSFT
nasdaq_msft_ema__ps,NASDAQ,ema__ps,MSFT
nasdaq_msft_ema__ps_v3,NASDAQ,ema__ps,MSFT
nasdaq_msft_ema__ps_v7,NASDAQ,ema__ps,MSFT
nasdaq_msft_ema__ps_v10,NASDAQ,ema__ps,MSFT
nasdaq_msft_ema__ps_v6,NASDAQ,ema__ps,MSFT
nasdaq_msft_ema__ps_v8,NASDAQ,ema__ps,MSFT
nasdaq_nflx_ema__ps_v7,NASDAQ,ema__ps,NFLX
nasdaq_nflx_ema__ps_v3,NASDAQ,ema__ps,NFLX
nasdaq_nflx_ema__ps,NASDAQ,ema__ps,NFLX
nasdaq_nflx_ema__ps_v10,NASDAQ,ema__ps,NFLX
nasdaq_nflx_ema__ps_v6,NASDAQ,ema__ps,NFLX
nasdaq_nflx_ema__ps_v5,NASDAQ,ema__ps,NFLX
nasdaq_nflx_ema__ps_v2,NASDAQ,ema__ps,NFLX
nasdaq_nflx_ema__ps_v9,NASDAQ,ema__ps,NFLX
nasdaq_nflx_ema__ps_v4,NASDAQ,ema__ps,NFLX
nasdaq_nflx_ema__ps_v8,NASDAQ,ema__ps,NFLX
nasdaq_nvda_ema__ps,NASDAQ,ema__ps,NVDA
nasdaq_nvda_ema__ps_v10,NASDAQ,ema__ps,NVDA
nasdaq_nvda_ema__ps_v8,NASDAQ,ema__ps,NVDA
nasdaq_nvda_ema__ps_v9,NASDAQ,ema__ps,NVDA
nasdaq_nvda_ema__ps_v3,NASDAQ,ema__ps,NVDA
nasdaq_nvda_ema__ps_v6,NASDAQ,ema__ps,NVDA
nasdaq_nvda_ema__ps_v4,NASDAQ,ema__ps,NVDA
nasdaq_nvda_ema__ps_v5,NASDAQ,ema__ps,NVDA
nasdaq_nvda_ema__ps_v7,NASDAQ,ema__ps,NVDA
nasdaq_nvda_ema__ps_v2,NASDAQ,ema__ps,NVDA
nasdaq_qcom_ema__ps_v4,NASDAQ,ema__ps,QCOM
nasdaq_qcom_ema__ps_v2,NASDAQ,ema__ps,QCOM
nasdaq_qcom_ema__ps_v10,NASDAQ,ema__ps,QCOM
nasdaq_qcom_ema__ps_v7,NASDAQ,ema__ps,QCOM
nasdaq_qcom_ema__ps_v9,NASDAQ,ema__ps,QCOM
nasdaq_qcom_ema__ps,NASDAQ,ema__ps,QCOM
nasdaq_qcom_ema__ps_v8,NASDAQ,ema__ps,QCOM
nasdaq_qcom_ema__ps_v6,NASDAQ,ema__ps,QCOM
nasdaq_qcom_ema__ps_v5,NASDAQ,ema__ps,QCOM
nasdaq_qcom_ema__ps_v3,NASDAQ,ema__ps,QCOM
nasdaq_tsla_ema__ps_v5,NASDAQ,ema__ps,TSLA
nasdaq_tsla_ema__ps_v10,NASDAQ,ema__ps,TSLA
nasdaq_tsla_ema__ps_v8,NASDAQ,ema__ps,TSLA
nasdaq_tsla_ema__ps_v2,NASDAQ,ema__ps,TSLA
nasdaq_ensemble_v4,NASDAQ,ensemble,
nasdaq_aapl_ensemble__ps_v8,NASDAQ,ensemble__ps,AAPL
nasdaq_aapl_ensemble__ps_v10,NASDAQ,ensemble__ps,AAPL
nasdaq_aapl_ensemble__ps_v2,NASDAQ,ensemble__ps,AAPL
nasdaq_aapl_ensemble__ps_v4,NASDAQ,ensemble__ps,AAPL
nasdaq_aapl_ensemble__ps_v5,NASDAQ,ensemble__ps,AAPL
nasdaq_adbe_ensemble__ps_v10,NASDAQ,ensemble__ps,ADBE
nasdaq_adbe_ensemble__ps_v4,NASDAQ,ensemble__ps,ADBE
nasdaq_amd_ensemble__ps_v10,NASDAQ,ensemble__ps,AMD
nasdaq_amd_ensemble__ps_v4,NASDAQ,ensemble__ps,AMD
nasdaq_amzn_ensemble__ps_v5,NASDAQ,ensemble__ps,AMZN
nasdaq_amzn_ensemble__ps_v8,NASDAQ,ensemble__ps,AMZN
nasdaq_amzn_ensemble__ps_v4,NASDAQ,ensemble__ps,AMZN
nasdaq_amzn_ensemble__ps_v6,NASDAQ,ensemble__ps,AMZN
nasdaq_amzn_ensemble__ps,NASDAQ,ensemble__ps,AMZN
nasdaq_amzn_ensemble__ps_v10,NASDAQ,ensemble__ps,AMZN
nasdaq_amzn_ensemble__ps_v9,NASDAQ,ensemble__ps,AMZN
nasdaq_amzn_ensemble__ps_v7,NASDAQ,ensemble__ps,AMZN
nasdaq_amzn_ensemble__ps_v2,NASDAQ,ensemble__ps,AMZN
nasdaq_amzn_ensemble__ps_v3,NASDAQ,ensemble__ps,AMZN
nasdaq_avgo_ensemble__ps_v5,NASDAQ,ensemble__ps,AVGO
nasdaq_avgo_ensemble__ps_v2,NASDAQ,ensemble__ps,AVGO
nasdaq_avgo_ensemble__ps_v4,NASDAQ,ensemble__ps,AVGO
nasdaq_avgo_ensemble__ps_v10,NASDAQ,ensemble__ps,AVGO
nasdaq_cost_ensemble__ps_v7,NASDAQ,ensemble__ps,COST
nasdaq_cost_ensemble__ps_v8,NASDAQ,ensemble__ps,COST
nasdaq_cost_ensemble__ps_v5,NASDAQ,ensemble__ps,COST
nasdaq_cost_ensemble__ps_v2,NASDAQ,ensemble__ps,COST
nasdaq_cost_ensemble__ps_v6,NASDAQ,ensemble__ps,COST
nasdaq_cost_ensemble__ps_v4,NASDAQ,ensemble__ps,COST
nasdaq_cost_ensemble__ps_v10,NASDAQ,ensemble__ps,COST
nasdaq_cost_ensemble__ps,NASDAQ,ensemble__ps,COST
nasdaq_csco_ensemble__ps_v10,NASDAQ,ensemble__ps,CSCO
nasdaq_csco_ensemble__ps_v4,NASDAQ,ensemble__ps,CSCO
nasdaq_csco_ensemble__ps_v5,NASDAQ,ensemble__ps,CSCO
nasdaq_googl_ensemble__ps_v9,NASDAQ,ensemble__ps,GOOGL
nasdaq_googl_ensemble__ps_v10,NASDAQ,ensemble__ps,GOOGL
nasdaq_googl_ensemble__ps_v2,NASDAQ,ensemble__ps,GOOGL
nasdaq_googl_ensemble__ps,NASDAQ,ensemble__ps,GOOGL
nasdaq_googl_ensemble__ps_v4,NASDAQ,ensemble__ps,GOOGL
nasdaq_googl_ensemble__ps_v6,NASDAQ,ensemble__ps,GOOGL
nasdaq_googl_ensemble__ps_v8,NASDAQ,ensemble__ps,GOOGL
nasdaq_googl_ensemble__ps_v3,NASDAQ,ensemble__ps,GOOGL
nasdaq_googl_ensemble__ps_v5,NASDAQ,ensemble__ps,GOOGL
nasdaq_googl_ensemble__ps_v7,NASDAQ,ensemble__ps,GOOGL
nasdaq_intc_ensemble__ps_v10,NASDAQ,ensemble__ps,INTC
nasdaq_intc_ensemble__ps_v4,NASDAQ,ensemble__ps,INTC
nasdaq_meta_ensemble__ps_v9,NASDAQ,ensemble__ps,META
nasdaq_meta_ensemble__ps_v10,NASDAQ,ensemble__ps,META
nasdaq_meta_ensemble__ps_v8,NASDAQ,ensemble__ps,META
nasdaq_meta_ensemble__ps_v2,NASDAQ,ensemble__ps,META
nasdaq_meta_ensemble__ps_v6,NASDAQ,ensemble__ps,META
nasdaq_meta_ensemble__ps_v5,NASDAQ,ensemble__ps,META
nasdaq_meta_ensemble__ps_v3,NASDAQ,ensemble__ps,META
nasdaq_meta_ensemble__ps_v7,NASDAQ,ensemble__ps,META
nasdaq_meta_ensemble__ps_v4,NASDAQ,ensemble__ps,META
nasdaq_meta_ensemble__ps,NASDAQ,ensemble__ps,META
nasdaq_msft_ensemble__ps_v6,NASDAQ,ensemble__ps,MSFT
nasdaq_msft_ensemble__ps_v7,NASDAQ,ensemble__ps,MSFT
nasdaq_msft_ensemble__ps,NASDAQ,ensemble__ps,MSFT
nasdaq_msft_ensemble__ps_v4,NASDAQ,ensemble__ps,MSFT
nasdaq_msft_ensemble__ps_v10,NASDAQ,ensemble__ps,MSFT
nasdaq_msft_ensemble__ps_v2,NASDAQ,ensemble__ps,MSFT
nasdaq_msft_ensemble__ps_v5,NASDAQ,ensemble__ps,MSFT
nasdaq_msft_ensemble__ps_v8,NASDAQ,ensemble__ps,MSFT
nasdaq_nflx_ensemble__ps_v4,NASDAQ,ensemble__ps,NFLX
nasdaq_nflx_ensemble__ps_v10,NASDAQ,ensemble__ps,NFLX
nasdaq_nvda_ensemble__ps_v4,NASDAQ,ensemble__ps,NVDA
nasdaq_nvda_ensemble__ps_v10,NASDAQ,ensemble__ps,NVDA
nasdaq_nvda_ensemble__ps_v2,NASDAQ,ensemble__ps,NVDA
nasdaq_nvda_ensemble__ps_v5,NASDAQ,ensemble__ps,NVDA
nasdaq_qcom_ensemble__ps_v4,NASDAQ,ensemble__ps,QCOM
nasdaq_qcom_ensemble__ps_v2,NASDAQ,ensemble__ps,QCOM
nasdaq_qcom_ensemble__ps_v10,NASDAQ,ensemble__ps,QCOM
nasdaq_tsla_ensemble__ps_v5,NASDAQ,ensemble__ps,TSLA
nasdaq_tsla_ensemble__ps_v10,NASDAQ,ensemble__ps,TSLA
nasdaq_tsla_ensemble__ps_v3,NASDAQ,ensemble__ps,TSLA
nasdaq_tsla_ensemble__ps,NASDAQ,ensemble__ps,TSLA
nasdaq_tsla_ensemble__ps_v2,NASDAQ,ensemble__ps,TSLA
nasdaq_tsla_ensemble__ps_v4,NASDAQ,ensemble__ps,TSLA
nasdaq_tsla_ensemble__ps_v8,NASDAQ,ensemble__ps,TSLA
nasdaq_tsla_ensemble__ps_v7,NASDAQ,ensemble__ps,TSLA
nasdaq_tsla_ensemble__ps_v9,NASDAQ,ensemble__ps,TSLA
nasdaq_tsla_ensemble__ps_v6,NASDAQ,ensemble__ps,TSLA
nasdaq_aapl_gru_nn__ps_v4,NASDAQ,gru_nn__ps,AAPL
nasdaq_aapl_gru_nn__ps_v5,NASDAQ,gru_nn__ps,AAPL
nasdaq_aapl_gru_nn__ps_v8,NASDAQ,gru_nn__ps,AAPL
nasdaq_aapl_gru_nn__ps_v10,NASDAQ,gru_nn__ps,AAPL
nasdaq_aapl_gru_nn__ps_v2,NASDAQ,gru_nn__ps,AAPL
nasdaq_adbe_gru_nn__ps_v10,NASDAQ,gru_nn__ps,ADBE
nasdaq_amd_gru_nn__ps_v10,NASDAQ,gru_nn__ps,AMD
nasdaq_amd_gru_nn__ps_v2,NASDAQ,gru_nn__ps,AMD
nasdaq_amd_gru_nn__ps_v4,NASDAQ,gru_nn__ps,AMD
nasdaq_amzn_gru_nn__ps_v5,NASDAQ,gru_nn__ps,AMZN
nasdaq_amzn_gru_nn__ps_v2,NASDAQ,gru_nn__ps,AMZN
nasdaq_amzn_gru_nn__ps_v4,NASDAQ,gru_nn__ps,AMZN
nasdaq_amzn_gru_nn__ps_v10,NASDAQ,gru_nn__ps,AMZN
nasdaq_amzn_gru_nn__ps_v6,NASDAQ,gru_nn__ps,AMZN
nasdaq_amzn_gru_nn__ps_v9,NASDAQ,gru_nn__ps,AMZN
nasdaq_amzn_gru_nn__ps_v3,NASDAQ,gru_nn__ps,AMZN
nasdaq_amzn_gru_nn__ps_v7,NASDAQ,gru_nn__ps,AMZN
nasdaq_amzn_gru_nn__ps,NASDAQ,gru_nn__ps,AMZN
nasdaq_amzn_gru_nn__ps_v8,NASDAQ,gru_nn__ps,AMZN
nasdaq_avgo_gru_nn__ps_v8,NASDAQ,gru_nn__ps,AVGO
nasdaq_avgo_gru_nn__ps_v2,NASDAQ,gru_nn__ps,AVGO
nasdaq_avgo_gru_nn__ps_v10,NASDAQ,gru_nn__ps,AVGO
nasdaq_avgo_gru_nn__ps_v4,NASDAQ,gru_nn__ps,AVGO
nasdaq_cost_gru_nn__ps_v4,NASDAQ,gru_nn__ps,COST
nasdaq_cost_gru_nn__ps_v10,NASDAQ,gru_nn__ps,COST
nasdaq_csco_gru_nn__ps_v10,NASDAQ,gru_nn__ps,CSCO
nasdaq_csco_gru_nn__ps_v2,NASDAQ,gru_nn__ps,CSCO
nasdaq_csco_gru_nn__ps_v8,NASDAQ,gru_nn__ps,CSCO
nasdaq_csco_gru_nn__ps_v4,NASDAQ,gru_nn__ps,CSCO
nasdaq_googl_gru_nn__ps_v5,NASDAQ,gru_nn__ps,GOOGL
nasdaq_googl_gru_nn__ps_v6,NASDAQ,gru_nn__ps,GOOGL
nasdaq_googl_gru_nn__ps_v2,NASDAQ,gru_nn__ps,GOOGL
nasdaq_googl_gru_nn__ps,NASDAQ,gru_nn__ps,GOOGL
nasdaq_googl_gru_nn__ps_v9,NASDAQ,gru_nn__ps,GOOGL
nasdaq_googl_gru_nn__ps_v8,NASDAQ,gru_nn__ps,GOOGL
nasdaq_googl_gru_nn__ps_v10,NASDAQ,gru_nn__ps,GOOGL
nasdaq_googl_gru_nn__ps_v3,NASDAQ,gru_nn__ps,GOOGL
nasdaq_googl_gru_nn__ps_v4,NASDAQ,gru_nn__ps,GOOGL
nasdaq_googl_gru_nn__ps_v7,NASDAQ,gru_nn__ps,GOOGL
nasdaq_intc_gru_nn__ps_v5,NASDAQ,gru_nn__ps,INTC
nasdaq_intc_gru_nn__ps_v8,NASDAQ,gru_nn__ps,INTC
nasdaq_intc_gru_nn__ps_v2,NASDAQ,gru_nn__ps,INTC
nasdaq_intc_gru_nn__ps_v10,NASDAQ,gru_nn__ps,INTC
nasdaq_intc_gru_nn__ps_v4,NASDAQ,gru_nn__ps,INTC
nasdaq_meta_gru_nn__ps_v4,NASDAQ,gru_nn__ps,META
nasdaq_meta_gru_nn__ps_v8,NASDAQ,gru_nn__ps,META
nasdaq_meta_gru_nn__ps_v7,NASDAQ,gru_nn__ps,META
nasdaq_meta_gru_nn__ps_v2,NASDAQ,gru_nn__ps,META
nasdaq_meta_gru_nn__ps_v5,NASDAQ,gru_nn__ps,META
nasdaq_meta_gru_nn__ps_v6,NASDAQ,gru_nn__ps,META
nasdaq_meta_gru_nn__ps_v10,NASDAQ,gru_nn__ps,META
nasdaq_meta_gru_nn__ps,NASDAQ,gru_nn__ps,META
nasdaq_msft_gru_nn__ps_v2,NASDAQ,gru_nn__ps,MSFT
nasdaq_msft_gru_nn__ps_v4,NASDAQ,gru_nn__ps,MSFT
nasdaq_msft_gru_nn__ps_v10,NASDAQ,gru_nn__ps,MSFT
nasdaq_nflx_gru_nn__ps_v2,NASDAQ,gru_nn__ps,NFLX
nasdaq_nflx_gru_nn__ps_v6,NASDAQ,gru_nn__ps,NFLX
nasdaq_nflx_gru_nn__ps,NASDAQ,gru_nn__ps,NFLX
nasdaq_nflx_gru_nn__ps_v10,NASDAQ,gru_nn__ps,NFLX
nasdaq_nflx_gru_nn__ps_v7,NASDAQ,gru_nn__ps,NFLX
nasdaq_nflx_gru_nn__ps_v4,NASDAQ,gru_nn__ps,NFLX
nasdaq_nflx_gru_nn__ps_v5,NASDAQ,gru_nn__ps,NFLX
nasdaq_nflx_gru_nn__ps_v8,NASDAQ,gru_nn__ps,NFLX
nasdaq_nvda_gru_nn__ps_v5,NASDAQ,gru_nn__ps,NVDA
nasdaq_nvda_gru_nn__ps_v4,NASDAQ,gru_nn__ps,NVDA
nasdaq_nvda_gru_nn__ps_v8,NASDAQ,gru_nn__ps,NVDA
nasdaq_nvda_gru_nn__ps_v6,NASDAQ,gru_nn__ps,NVDA
nasdaq_nvda_gru_nn__ps_v7,NASDAQ,gru_nn__ps,NVDA
nasdaq_nvda_gru_nn__ps_v10,NASDAQ,gru_nn__ps,NVDA
nasdaq_nvda_gru_nn__ps_v2,NASDAQ,gru_nn__ps,NVDA
nasdaq_nvda_gru_nn__ps,NASDAQ,gru_nn__ps,NVDA
nasdaq_qcom_gru_nn__ps_v5,NASDAQ,gru_nn__ps,QCOM
nasdaq_qcom_gru_nn__ps,NASDAQ,gru_nn__ps,QCOM
nasdaq_qcom_gru_nn__ps_v2,NASDAQ,gru_nn__ps,QCOM
nasdaq_qcom_gru_nn__ps_v7,NASDAQ,gru_nn__ps,QCOM
nasdaq_qcom_gru_nn__ps_v6,NASDAQ,gru_nn__ps,QCOM
nasdaq_qcom_gru_nn__ps_v4,NASDAQ,gru_nn__ps,QCOM
nasdaq_qcom_gru_nn__ps_v10,NASDAQ,gru_nn__ps,QCOM
nasdaq_qcom_gru_nn__ps_v8,NASDAQ,gru_nn__ps,QCOM
nasdaq_tsla_gru_nn__ps_v6,NASDAQ,gru_nn__ps,TSLA
nasdaq_tsla_gru_nn__ps_v5,NASDAQ,gru_nn__ps,TSLA
nasdaq_tsla_gru_nn__ps,NASDAQ,gru_nn__ps,TSLA
nasdaq_tsla_gru_nn__ps_v8,NASDAQ,gru_nn__ps,TSLA
nasdaq_tsla_gru_nn__ps_v3,NASDAQ,gru_nn__ps,TSLA
nasdaq_tsla_gru_nn__ps_v2,NASDAQ,gru_nn__ps,TSLA
nasdaq_tsla_gru_nn__ps_v4,NASDAQ,gru_nn__ps,TSLA
nasdaq_tsla_gru_nn__ps_v7,NASDAQ,gru_nn__ps,TSLA
nasdaq_tsla_gru_nn__ps_v10,NASDAQ,gru_nn__ps,TSLA
nasdaq_tsla_gru_nn__ps_v9,NASDAQ,gru_nn__ps,TSLA
nasdaq_lightgbm_v10,NASDAQ,lightgbm,
nasdaq_lightgbm_v4,NASDAQ,lightgbm,
nasdaq_aapl_lightgbm__ps,NASDAQ,lightgbm__ps,AAPL
nasdaq_aapl_lightgbm__ps_v10,NASDAQ,lightgbm__ps,AAPL
nasdaq_aapl_lightgbm__ps_v4,NASDAQ,lightgbm__ps,AAPL
nasdaq_aapl_lightgbm__ps_v8,NASDAQ,lightgbm__ps,AAPL
nasdaq_aapl_lightgbm__ps_v5,NASDAQ,lightgbm__ps,AAPL
nasdaq_aapl_lightgbm__ps_v2,NASDAQ,lightgbm__ps,AAPL
nasdaq_aapl_lightgbm__ps_v7,NASDAQ,lightgbm__ps,AAPL
nasdaq_aapl_lightgbm__ps_v6,NASDAQ,lightgbm__ps,AAPL
nasdaq_adbe_lightgbm__ps_v3,NASDAQ,lightgbm__ps,ADBE
nasdaq_adbe_lightgbm__ps_v8,NASDAQ,lightgbm__ps,ADBE
nasdaq_adbe_lightgbm__ps_v10,NASDAQ,lightgbm__ps,ADBE
nasdaq_adbe_lightgbm__ps_v2,NASDAQ,lightgbm__ps,ADBE
nasdaq_adbe_lightgbm__ps_v5,NASDAQ,lightgbm__ps,ADBE
nasdaq_adbe_lightgbm__ps_v6,NASDAQ,lightgbm__ps,ADBE
nasdaq_adbe_lightgbm__ps_v9,NASDAQ,lightgbm__ps,ADBE
nasdaq_adbe_lightgbm__ps_v4,NASDAQ,lightgbm__ps,ADBE
nasdaq_adbe_lightgbm__ps,NASDAQ,lightgbm__ps,ADBE
nasdaq_adbe_lightgbm__ps_v7,NASDAQ,lightgbm__ps,ADBE
nasdaq_amd_lightgbm__ps_v10,NASDAQ,lightgbm__ps,AMD
nasdaq_amd_lightgbm__ps_v8,NASDAQ,lightgbm__ps,AMD
nasdaq_amd_lightgbm__ps_v2,NASDAQ,lightgbm__ps,AMD
nasdaq_amd_lightgbm__ps_v5,NASDAQ,lightgbm__ps,AMD
nasdaq_amd_lightgbm__ps_v4,NASDAQ,lightgbm__ps,AMD
nasdaq_amzn_lightgbm__ps_v10,NASDAQ,lightgbm__ps,AMZN
nasdaq_amzn_lightgbm__ps_v4,NASDAQ,lightgbm__ps,AMZN
nasdaq_amzn_lightgbm__ps_v2,NASDAQ,lightgbm__ps,AMZN
nasdaq_amzn_lightgbm__ps_v8,NASDAQ,lightgbm__ps,AMZN
nasdaq_amzn_lightgbm__ps_v5,NASDAQ,lightgbm__ps,AMZN
nasdaq_avgo_lightgbm__ps_v7,NASDAQ,lightgbm__ps,AVGO
nasdaq_avgo_lightgbm__ps_v8,NASDAQ,lightgbm__ps,AVGO
nasdaq_avgo_lightgbm__ps_v6,NASDAQ,lightgbm__ps,AVGO
nasdaq_avgo_lightgbm__ps,NASDAQ,lightgbm__ps,AVGO
nasdaq_avgo_lightgbm__ps_v10,NASDAQ,lightgbm__ps,AVGO
nasdaq_avgo_lightgbm__ps_v2,NASDAQ,lightgbm__ps,AVGO
nasdaq_avgo_lightgbm__ps_v3,NASDAQ,lightgbm__ps,AVGO
nasdaq_avgo_lightgbm__ps_v4,NASDAQ,lightgbm__ps,AVGO
nasdaq_avgo_lightgbm__ps_v5,NASDAQ,lightgbm__ps,AVGO
nasdaq_cost_lightgbm__ps_v5,NASDAQ,lightgbm__ps,COST
nasdaq_cost_lightgbm__ps_v4,NASDAQ,lightgbm__ps,COST
nasdaq_cost_lightgbm__ps_v8,NASDAQ,lightgbm__ps,COST
nasdaq_cost_lightgbm__ps_v10,NASDAQ,lightgbm__ps,COST
nasdaq_cost_lightgbm__ps_v2,NASDAQ,lightgbm__ps,COST
nasdaq_csco_lightgbm__ps_v5,NASDAQ,lightgbm__ps,CSCO
nasdaq_csco_lightgbm__ps_v4,NASDAQ,lightgbm__ps,CSCO
nasdaq_csco_lightgbm__ps_v8,NASDAQ,lightgbm__ps,CSCO
nasdaq_csco_lightgbm__ps_v2,NASDAQ,lightgbm__ps,CSCO
nasdaq_csco_lightgbm__ps_v10,NASDAQ,lightgbm__ps,CSCO
nasdaq_googl_lightgbm__ps_v5,NASDAQ,lightgbm__ps,GOOGL
nasdaq_googl_lightgbm__ps_v6,NASDAQ,lightgbm__ps,GOOGL
nasdaq_googl_lightgbm__ps_v4,NASDAQ,lightgbm__ps,GOOGL
nasdaq_googl_lightgbm__ps_v10,NASDAQ,lightgbm__ps,GOOGL
nasdaq_googl_lightgbm__ps_v2,NASDAQ,lightgbm__ps,GOOGL
nasdaq_googl_lightgbm__ps,NASDAQ,lightgbm__ps,GOOGL
nasdaq_googl_lightgbm__ps_v8,NASDAQ,lightgbm__ps,GOOGL
nasdaq_googl_lightgbm__ps_v7,NASDAQ,lightgbm__ps,GOOGL
nasdaq_intc_lightgbm__ps_v2,NASDAQ,lightgbm__ps,INTC
nasdaq_intc_lightgbm__ps_v4,NASDAQ,lightgbm__ps,INTC
nasdaq_intc_lightgbm__ps_v10,NASDAQ,lightgbm__ps,INTC
nasdaq_meta_lightgbm__ps,NASDAQ,lightgbm__ps,META
nasdaq_meta_lightgbm__ps_v10,NASDAQ,lightgbm__ps,META
nasdaq_meta_lightgbm__ps_v9,NASDAQ,lightgbm__ps,META
nasdaq_meta_lightgbm__ps_v4,NASDAQ,lightgbm__ps,META
nasdaq_meta_lightgbm__ps_v7,NASDAQ,lightgbm__ps,META
nasdaq_meta_lightgbm__ps_v8,NASDAQ,lightgbm__ps,META
nasdaq_meta_lightgbm__ps_v5,NASDAQ,lightgbm__ps,META
nasdaq_meta_lightgbm__ps_v6,NASDAQ,lightgbm__ps,META
nasdaq_meta_lightgbm__ps_v2,NASDAQ,lightgbm__ps,META
nasdaq_meta_lightgbm__ps_v3,NASDAQ,lightgbm__ps,META
nasdaq_msft_lightgbm__ps_v5,NASDAQ,lightgbm__ps,MSFT
nasdaq_msft_lightgbm__ps_v4,NASDAQ,lightgbm__ps,MSFT
nasdaq_msft_lightgbm__ps_v7,NASDAQ,lightgbm__ps,MSFT
nasdaq_msft_lightgbm__ps_v6,NASDAQ,lightgbm__ps,MSFT
nasdaq_msft_lightgbm__ps_v9,NASDAQ,lightgbm__ps,MSFT
nasdaq_msft_lightgbm__ps,NASDAQ,lightgbm__ps,MSFT
nasdaq_msft_lightgbm__ps_v10,NASDAQ,lightgbm__ps,MSFT
nasdaq_msft_lightgbm__ps_v8,NASDAQ,lightgbm__ps,MSFT
nasdaq_msft_lightgbm__ps_v3,NASDAQ,lightgbm__ps,MSFT
nasdaq_msft_lightgbm__ps_v2,NASDAQ,lightgbm__ps,MSFT
nasdaq_nflx_lightgbm__ps_v4,NASDAQ,lightgbm__ps,NFLX
nasdaq_nflx_lightgbm__ps_v2,NASDAQ,lightgbm__ps,NFLX
nasdaq_nflx_lightgbm__ps_v10,NASDAQ,lightgbm__ps,NFLX
nasdaq_nflx_lightgbm__ps_v5,NASDAQ,lightgbm__ps,NFLX
nasdaq_nvda_lightgbm__ps_v5,NASDAQ,lightgbm__ps,NVDA
nasdaq_nvda_lightgbm__ps_v2,NASDAQ,lightgbm__ps,NVDA
nasdaq_nvda_lightgbm__ps_v10,NASDAQ,lightgbm__ps,NVDA
nasdaq_nvda_lightgbm__ps_v4,NASDAQ,lightgbm__ps,NVDA
nasdaq_qcom_lightgbm__ps_v5,NASDAQ,lightgbm__ps,QCOM
nasdaq_qcom_lightgbm__ps_v4,NASDAQ,lightgbm__ps,QCOM
nasdaq_qcom_lightgbm__ps_v8,NASDAQ,lightgbm__ps,QCOM
nasdaq_qcom_lightgbm__ps_v2,NASDAQ,lightgbm__ps,QCOM
nasdaq_qcom_lightgbm__ps_v10,NASDAQ,lightgbm__ps,QCOM
nasdaq_tsla_lightgbm__ps_v8,NASDAQ,lightgbm__ps,TSLA
nasdaq_tsla_lightgbm__ps_v5,NASDAQ,lightgbm__ps,TSLA
nasdaq_tsla_lightgbm__ps_v2,NASDAQ,lightgbm__ps,TSLA
nasdaq_tsla_lightgbm__ps_v10,NASDAQ,lightgbm__ps,TSLA
nasdaq_tsla_lightgbm__ps_v4,NASDAQ,lightgbm__ps,TSLA
nasdaq_aapl_lstm_nn__ps_v8,NASDAQ,lstm_nn__ps,AAPL
nasdaq_aapl_lstm_nn__ps_v4,NASDAQ,lstm_nn__ps,AAPL
nasdaq_aapl_lstm_nn__ps_v10,NASDAQ,lstm_nn__ps,AAPL
nasdaq_aapl_lstm_nn__ps_v2,NASDAQ,lstm_nn__ps,AAPL
nasdaq_aapl_lstm_nn__ps_v5,NASDAQ,lstm_nn__ps,AAPL
nasdaq_adbe_lstm_nn__ps_v7,NASDAQ,lstm_nn__ps,ADBE
nasdaq_adbe_lstm_nn__ps,NASDAQ,lstm_nn__ps,ADBE
nasdaq_adbe_lstm_nn__ps_v10,NASDAQ,lstm_nn__ps,ADBE
nasdaq_adbe_lstm_nn__ps_v5,NASDAQ,lstm_nn__ps,ADBE
nasdaq_adbe_lstm_nn__ps_v6,NASDAQ,lstm_nn__ps,ADBE
nasdaq_adbe_lstm_nn__ps_v2,NASDAQ,lstm_nn__ps,ADBE
nasdaq_adbe_lstm_nn__ps_v8,NASDAQ,lstm_nn__ps,ADBE
nasdaq_adbe_lstm_nn__ps_v4,NASDAQ,lstm_nn__ps,ADBE
nasdaq_amd_lstm_nn__ps,NASDAQ,lstm_nn__ps,AMD
nasdaq_amd_lstm_nn__ps_v6,NASDAQ,lstm_nn__ps,AMD
nasdaq_amd_lstm_nn__ps_v4,NASDAQ,lstm_nn__ps,AMD
nasdaq_amd_lstm_nn__ps_v2,NASDAQ,lstm_nn__ps,AMD
nasdaq_amd_lstm_nn__ps_v3,NASDAQ,lstm_nn__ps,AMD
nasdaq_amd_lstm_nn__ps_v8,NASDAQ,lstm_nn__ps,AMD
nasdaq_amd_lstm_nn__ps_v10,NASDAQ,lstm_nn__ps,AMD
nasdaq_amd_lstm_nn__ps_v7,NASDAQ,lstm_nn__ps,AMD
nasdaq_amd_lstm_nn__ps_v5,NASDAQ,lstm_nn__ps,AMD
nasdaq_amd_lstm_nn__ps_v9,NASDAQ,lstm_nn__ps,AMD
nasdaq_amzn_lstm_nn__ps_v7,NASDAQ,lstm_nn__ps,AMZN
nasdaq_amzn_lstm_nn__ps_v10,NASDAQ,lstm_nn__ps,AMZN
nasdaq_amzn_lstm_nn__ps_v2,NASDAQ,lstm_nn__ps,AMZN
nasdaq_amzn_lstm_nn__ps_v3,NASDAQ,lstm_nn__ps,AMZN
nasdaq_amzn_lstm_nn__ps_v8,NASDAQ,lstm_nn__ps,AMZN
nasdaq_amzn_lstm_nn__ps_v9,NASDAQ,lstm_nn__ps,AMZN
nasdaq_amzn_lstm_nn__ps,NASDAQ,lstm_nn__ps,AMZN
nasdaq_amzn_lstm_nn__ps_v5,NASDAQ,lstm_nn__ps,AMZN
nasdaq_amzn_lstm_nn__ps_v4,NASDAQ,lstm_nn__ps,AMZN
nasdaq_amzn_lstm_nn__ps_v6,NASDAQ,lstm_nn__ps,AMZN
nasdaq_avgo_lstm_nn__ps_v10,NASDAQ,lstm_nn__ps,AVGO
nasdaq_avgo_lstm_nn__ps_v4,NASDAQ,lstm_nn__ps,AVGO
nasdaq_avgo_lstm_nn__ps_v5,NASDAQ,lstm_nn__ps,AVGO
nasdaq_avgo_lstm_nn__ps,NASDAQ,lstm_nn__ps,AVGO
nasdaq_avgo_lstm_nn__ps_v2,NASDAQ,lstm_nn__ps,AVGO
nasdaq_avgo_lstm_nn__ps_v7,NASDAQ,lstm_nn__ps,AVGO
nasdaq_avgo_lstm_nn__ps_v8,NASDAQ,lstm_nn__ps,AVGO
nasdaq_avgo_lstm_nn__ps_v6,NASDAQ,lstm_nn__ps,AVGO
nasdaq_cost_lstm_nn__ps_v8,NASDAQ,lstm_nn__ps,COST
nasdaq_cost_lstm_nn__ps_v10,NASDAQ,lstm_nn__ps,COST
nasdaq_cost_lstm_nn__ps_v4,NASDAQ,lstm_nn__ps,COST
nasdaq_cost_lstm_nn__ps_v2,NASDAQ,lstm_nn__ps,COST
nasdaq_csco_lstm_nn__ps_v4,NASDAQ,lstm_nn__ps,CSCO
nasdaq_csco_lstm_nn__ps_v10,NASDAQ,lstm_nn__ps,CSCO
nasdaq_csco_lstm_nn__ps_v8,NASDAQ,lstm_nn__ps,CSCO
nasdaq_csco_lstm_nn__ps_v5,NASDAQ,lstm_nn__ps,CSCO
nasdaq_csco_lstm_nn__ps_v2,NASDAQ,lstm_nn__ps,CSCO
nasdaq_googl_lstm_nn__ps,NASDAQ,lstm_nn__ps,GOOGL
nasdaq_googl_lstm_nn__ps_v2,NASDAQ,lstm_nn__ps,GOOGL
nasdaq_googl_lstm_nn__ps_v4,NASDAQ,lstm_nn__ps,GOOGL
nasdaq_googl_lstm_nn__ps_v9,NASDAQ,lstm_nn__ps,GOOGL
nasdaq_googl_lstm_nn__ps_v7,NASDAQ,lstm_nn__ps,GOOGL
nasdaq_googl_lstm_nn__ps_v6,NASDAQ,lstm_nn__ps,GOOGL
nasdaq_googl_lstm_nn__ps_v8,NASDAQ,lstm_nn__ps,GOOGL
nasdaq_googl_lstm_nn__ps_v10,NASDAQ,lstm_nn__ps,GOOGL
nasdaq_googl_lstm_nn__ps_v5,NASDAQ,lstm_nn__ps,GOOGL
nasdaq_googl_lstm_nn__ps_v3,NASDAQ,lstm_nn__ps,GOOGL
nasdaq_intc_lstm_nn__ps_v2,NASDAQ,lstm_nn__ps,INTC
nasdaq_intc_lstm_nn__ps_v8,NASDAQ,lstm_nn__ps,INTC
nasdaq_intc_lstm_nn__ps,NASDAQ,lstm_nn__ps,INTC
nasdaq_intc_lstm_nn__ps_v6,NASDAQ,lstm_nn__ps,INTC
nasdaq_intc_lstm_nn__ps_v3,NASDAQ,lstm_nn__ps,INTC
nasdaq_intc_lstm_nn__ps_v4,NASDAQ,lstm_nn__ps,INTC
nasdaq_intc_lstm_nn__ps_v5,NASDAQ,lstm_nn__ps,INTC
nasdaq_intc_lstm_nn__ps_v7,NASDAQ,lstm_nn__ps,INTC
nasdaq_intc_lstm_nn__ps_v9,NASDAQ,lstm_nn__ps,INTC
nasdaq_intc_lstm_nn__ps_v10,NASDAQ,lstm_nn__ps,INTC
nasdaq_meta_lstm_nn__ps,NASDAQ,lstm_nn__ps,META
nasdaq_meta_lstm_nn__ps_v4,NASDAQ,lstm_nn__ps,META
nasdaq_meta_lstm_nn__ps_v10,NASDAQ,lstm_nn__ps,META
nasdaq_meta_lstm_nn__ps_v7,NASDAQ,lstm_nn__ps,META
nasdaq_meta_lstm_nn__ps_v2,NASDAQ,lstm_nn__ps,META
nasdaq_meta_lstm_nn__ps_v8,NASDAQ,lstm_nn__ps,META
nasdaq_meta_lstm_nn__ps_v5,NASDAQ,lstm_nn__ps,META
nasdaq_meta_lstm_nn__ps_v6,NASDAQ,lstm_nn__ps,META
nasdaq_msft_lstm_nn__ps_v8,NASDAQ,lstm_nn__ps,MSFT
nasdaq_msft_lstm_nn__ps_v2,NASDAQ,lstm_nn__ps,MSFT
nasdaq_msft_lstm_nn__ps_v6,NASDAQ,lstm_nn__ps,MSFT
nasdaq_msft_lstm_nn__ps_v5,NASDAQ,lstm_nn__ps,MSFT
nasdaq_msft_lstm_nn__ps_v10,NASDAQ,lstm_nn__ps,MSFT
nasdaq_msft_lstm_nn__ps_v7,NASDAQ,lstm_nn__ps,MSFT
nasdaq_msft_lstm_nn__ps,NASDAQ,lstm_nn__ps,MSFT
nasdaq_msft_lstm_nn__ps_v4,NASDAQ,lstm_nn__ps,MSFT
nasdaq_nflx_lstm_nn__ps_v9,NASDAQ,lstm_nn__ps,NFLX
nasdaq_nflx_lstm_nn__ps_v5,NASDAQ,lstm_nn__ps,NFLX
nasdaq_nflx_lstm_nn__ps_v2,NASDAQ,lstm_nn__ps,NFLX
nasdaq_nflx_lstm_nn__ps_v6,NASDAQ,lstm_nn__ps,NFLX
nasdaq_nflx_lstm_nn__ps_v10,NASDAQ,lstm_nn__ps,NFLX
nasdaq_nflx_lstm_nn__ps_v8,NASDAQ,lstm_nn__ps,NFLX
nasdaq_nflx_lstm_nn__ps_v7,NASDAQ,lstm_nn__ps,NFLX
nasdaq_nflx_lstm_nn__ps_v3,NASDAQ,lstm_nn__ps,NFLX
nasdaq_nflx_lstm_nn__ps,NASDAQ,lstm_nn__ps,NFLX
nasdaq_nflx_lstm_nn__ps_v4,NASDAQ,lstm_nn__ps,NFLX
nasdaq_nvda_lstm_nn__ps_v8,NASDAQ,lstm_nn__ps,NVDA
nasdaq_nvda_lstm_nn__ps_v2,NASDAQ,lstm_nn__ps,NVDA
nasdaq_nvda_lstm_nn__ps_v6,NASDAQ,lstm_nn__ps,NVDA
nasdaq_nvda_lstm_nn__ps_v10,NASDAQ,lstm_nn__ps,NVDA
nasdaq_nvda_lstm_nn__ps_v7,NASDAQ,lstm_nn__ps,NVDA
nasdaq_nvda_lstm_nn__ps_v5,NASDAQ,lstm_nn__ps,NVDA
nasdaq_nvda_lstm_nn__ps_v4,NASDAQ,lstm_nn__ps,NVDA
nasdaq_nvda_lstm_nn__ps,NASDAQ,lstm_nn__ps,NVDA
nasdaq_qcom_lstm_nn__ps_v8,NASDAQ,lstm_nn__ps,QCOM
nasdaq_qcom_lstm_nn__ps_v4,NASDAQ,lstm_nn__ps,QCOM
nasdaq_qcom_lstm_nn__ps_v10,NASDAQ,lstm_nn__ps,QCOM
nasdaq_qcom_lstm_nn__ps_v7,NASDAQ,lstm_nn__ps,QCOM
nasdaq_qcom_lstm_nn__ps_v6,NASDAQ,lstm_nn__ps,QCOM
nasdaq_qcom_lstm_nn__ps_v5,NASDAQ,lstm_nn__ps,QCOM
nasdaq_qcom_lstm_nn__ps_v2,NASDAQ,lstm_nn__ps,QCOM
nasdaq_qcom_lstm_nn__ps,NASDAQ,lstm_nn__ps,QCOM
nasdaq_tsla_lstm_nn__ps_v10,NASDAQ,lstm_nn__ps,TSLA
nasdaq_tsla_lstm_nn__ps_v8,NASDAQ,lstm_nn__ps,TSLA
nasdaq_tsla_lstm_nn__ps_v2,NASDAQ,lstm_nn__ps,TSLA
nasdaq_tsla_lstm_nn__ps_v5,NASDAQ,lstm_nn__ps,TSLA
nasdaq_msft_meta_stack__ps,NASDAQ,meta_stack__ps,MSFT
nasdaq_moving_average_v2,NASDAQ,moving_average,
nasdaq_moving_average_v7,NASDAQ,moving_average,
nasdaq_moving_average_v3,NASDAQ,moving_average,
nasdaq_moving_average_v10,NASDAQ,moving_average,
nasdaq_moving_average,NASDAQ,moving_average,
nasdaq_moving_average_v5,NASDAQ,moving_average,
nasdaq_moving_average_v6,NASDAQ,moving_average,
nasdaq_moving_average_v4,NASDAQ,moving_average,
nasdaq_moving_average_v8,NASDAQ,moving_average,
nasdaq_aapl_moving_average__ps_v5,NASDAQ,moving_average__ps,AAPL
nasdaq_aapl_moving_average__ps_v6,NASDAQ,moving_average__ps,AAPL
nasdaq_aapl_moving_average__ps_v10,NASDAQ,moving_average__ps,AAPL
nasdaq_aapl_moving_average__ps_v8,NASDAQ,moving_average__ps,AAPL
nasdaq_aapl_moving_average__ps_v9,NASDAQ,moving_average__ps,AAPL
nasdaq_aapl_moving_average__ps,NASDAQ,moving_average__ps,AAPL
nasdaq_aapl_moving_average__ps_v4,NASDAQ,moving_average__ps,AAPL
nasdaq_aapl_moving_average__ps_v3,NASDAQ,moving_average__ps,AAPL
nasdaq_aapl_moving_average__ps_v7,NASDAQ,moving_average__ps,AAPL
nasdaq_aapl_moving_average__ps_v2,NASDAQ,moving_average__ps,AAPL
nasdaq_adbe_moving_average__ps_v8,NASDAQ,moving_average__ps,ADBE
nasdaq_adbe_moving_average__ps,NASDAQ,moving_average__ps,ADBE
nasdaq_adbe_moving_average__ps_v6,NASDAQ,moving_average__ps,ADBE
nasdaq_adbe_moving_average__ps_v7,NASDAQ,moving_average__ps,ADBE
nasdaq_adbe_moving_average__ps_v5,NASDAQ,moving_average__ps,ADBE
nasdaq_adbe_moving_average__ps_v3,NASDAQ,moving_average__ps,ADBE
nasdaq_adbe_moving_average__ps_v10,NASDAQ,moving_average__ps,ADBE
nasdaq_adbe_moving_average__ps_v9,NASDAQ,moving_average__ps,ADBE
nasdaq_adbe_moving_average__ps_v2,NASDAQ,moving_average__ps,ADBE
nasdaq_adbe_moving_average__ps_v4,NASDAQ,moving_average__ps,ADBE
nasdaq_amd_moving_average__ps_v4,NASDAQ,moving_average__ps,AMD
nasdaq_amd_moving_average__ps_v6,NASDAQ,moving_average__ps,AMD
nasdaq_amd_moving_average__ps_v9,NASDAQ,moving_average__ps,AMD
nasdaq_amd_moving_average__ps_v8,NASDAQ,moving_average__ps,AMD
nasdaq_amd_moving_average__ps_v5,NASDAQ,moving_average__ps,AMD
nasdaq_amd_moving_average__ps_v3,NASDAQ,moving_average__ps,AMD
nasdaq_amd_moving_average__ps_v7,NASDAQ,moving_average__ps,AMD
nasdaq_amd_moving_average__ps_v2,NASDAQ,moving_average__ps,AMD
nasdaq_amd_moving_average__ps,NASDAQ,moving_average__ps,AMD
nasdaq_amd_moving_average__ps_v10,NASDAQ,moving_average__ps,AMD
nasdaq_amzn_moving_average__ps_v6,NASDAQ,moving_average__ps,AMZN
nasdaq_amzn_moving_average__ps_v4,NASDAQ,moving_average__ps,AMZN
nasdaq_amzn_moving_average__ps_v9,NASDAQ,moving_average__ps,AMZN
nasdaq_amzn_moving_average__ps_v5,NASDAQ,moving_average__ps,AMZN
nasdaq_amzn_moving_average__ps_v10,NASDAQ,moving_average__ps,AMZN
nasdaq_amzn_moving_average__ps_v2,NASDAQ,moving_average__ps,AMZN
nasdaq_amzn_moving_average__ps_v8,NASDAQ,moving_average__ps,AMZN
nasdaq_amzn_moving_average__ps_v7,NASDAQ,moving_average__ps,AMZN
nasdaq_amzn_moving_average__ps_v3,NASDAQ,moving_average__ps,AMZN
nasdaq_amzn_moving_average__ps,NASDAQ,moving_average__ps,AMZN
nasdaq_avgo_moving_average__ps_v8,NASDAQ,moving_average__ps,AVGO
nasdaq_avgo_moving_average__ps_v9,NASDAQ,moving_average__ps,AVGO
nasdaq_avgo_moving_average__ps_v2,NASDAQ,moving_average__ps,AVGO
nasdaq_avgo_moving_average__ps_v10,NASDAQ,moving_average__ps,AVGO
nasdaq_avgo_moving_average__ps_v4,NASDAQ,moving_average__ps,AVGO
nasdaq_avgo_moving_average__ps_v7,NASDAQ,moving_average__ps,AVGO
nasdaq_avgo_moving_average__ps_v3,NASDAQ,moving_average__ps,AVGO
nasdaq_avgo_moving_average__ps_v6,NASDAQ,moving_average__ps,AVGO
nasdaq_avgo_moving_average__ps,NASDAQ,moving_average__ps,AVGO
nasdaq_avgo_moving_average__ps_v5,NASDAQ,moving_average__ps,AVGO
nasdaq_cost_moving_average__ps_v6,NASDAQ,moving_average__ps,COST
nasdaq_cost_moving_average__ps_v10,NASDAQ,moving_average__ps,COST
nasdaq_cost_moving_average__ps_v4,NASDAQ,moving_average__ps,COST
nasdaq_cost_moving_average__ps_v5,NASDAQ,moving_average__ps,COST
nasdaq_cost_moving_average__ps_v3,NASDAQ,moving_average__ps,COST
nasdaq_cost_moving_average__ps,NASDAQ,moving_average__ps,COST
nasdaq_cost_moving_average__ps_v8,NASDAQ,moving_average__ps,COST
nasdaq_cost_moving_average__ps_v9,NASDAQ,moving_average__ps,COST
nasdaq_cost_moving_average__ps_v7,NASDAQ,moving_average__ps,COST
nasdaq_cost_moving_average__ps_v2,NASDAQ,moving_average__ps,COST
nasdaq_csco_moving_average__ps_v9,NASDAQ,moving_average__ps,CSCO
nasdaq_csco_moving_average__ps_v5,NASDAQ,moving_average__ps,CSCO
nasdaq_csco_moving_average__ps_v2,NASDAQ,moving_average__ps,CSCO
nasdaq_csco_moving_average__ps_v6,NASDAQ,moving_average__ps,CSCO
nasdaq_csco_moving_average__ps_v7,NASDAQ,moving_average__ps,CSCO
nasdaq_csco_moving_average__ps_v4,NASDAQ,moving_average__ps,CSCO
nasdaq_csco_moving_average__ps,NASDAQ,moving_average__ps,CSCO
nasdaq_csco_moving_average__ps_v10,NASDAQ,moving_average__ps,CSCO
nasdaq_csco_moving_average__ps_v8,NASDAQ,moving_average__ps,CSCO
nasdaq_csco_moving_average__ps_v3,NASDAQ,moving_average__ps,CSCO
nasdaq_googl_moving_average__ps_v9,NASDAQ,moving_average__ps,GOOGL
nasdaq_googl_moving_average__ps_v3,NASDAQ,moving_average__ps,GOOGL
nasdaq_googl_moving_average__ps_v5,NASDAQ,moving_average__ps,GOOGL
nasdaq_googl_moving_average__ps_v2,NASDAQ,moving_average__ps,GOOGL
nasdaq_googl_moving_average__ps_v4,NASDAQ,moving_average__ps,GOOGL
nasdaq_googl_moving_average__ps_v6,NASDAQ,moving_average__ps,GOOGL
nasdaq_googl_moving_average__ps,NASDAQ,moving_average__ps,GOOGL
nasdaq_googl_moving_average__ps_v10,NASDAQ,moving_average__ps,GOOGL
nasdaq_googl_moving_average__ps_v7,NASDAQ,moving_average__ps,GOOGL
nasdaq_googl_moving_average__ps_v8,NASDAQ,moving_average__ps,GOOGL
nasdaq_intc_moving_average__ps_v8,NASDAQ,moving_average__ps,INTC
nasdaq_intc_moving_average__ps_v7,NASDAQ,moving_average__ps,INTC
nasdaq_intc_moving_average__ps_v10,NASDAQ,moving_average__ps,INTC
nasdaq_intc_moving_average__ps_v3,NASDAQ,moving_average__ps,INTC
nasdaq_intc_moving_average__ps_v2,NASDAQ,moving_average__ps,INTC
nasdaq_intc_moving_average__ps,NASDAQ,moving_average__ps,INTC
nasdaq_intc_moving_average__ps_v6,NASDAQ,moving_average__ps,INTC
nasdaq_intc_moving_average__ps_v5,NASDAQ,moving_average__ps,INTC
nasdaq_intc_moving_average__ps_v4,NASDAQ,moving_average__ps,INTC
nasdaq_meta_moving_average__ps_v2,NASDAQ,moving_average__ps,META
nasdaq_meta_moving_average__ps_v3,NASDAQ,moving_average__ps,META
nasdaq_meta_moving_average__ps_v7,NASDAQ,moving_average__ps,META
nasdaq_meta_moving_average__ps,NASDAQ,moving_average__ps,META
nasdaq_meta_moving_average__ps_v9,NASDAQ,moving_average__ps,META
nasdaq_meta_moving_average__ps_v5,NASDAQ,moving_average__ps,META
nasdaq_meta_moving_average__ps_v8,NASDAQ,moving_average__ps,META
nasdaq_meta_moving_average__ps_v4,NASDAQ,moving_average__ps,META
nasdaq_meta_moving_average__ps_v10,NASDAQ,moving_average__ps,META
nasdaq_meta_moving_average__ps_v6,NASDAQ,moving_average__ps,META
nasdaq_msft_moving_average__ps_v7,NASDAQ,moving_average__ps,MSFT
nasdaq_msft_moving_average__ps_v3,NASDAQ,moving_average__ps,MSFT
nasdaq_msft_moving_average__ps_v10,NASDAQ,moving_average__ps,MSFT
nasdaq_msft_moving_average__ps_v5,NASDAQ,moving_average__ps,MSFT
nasdaq_msft_moving_average__ps,NASDAQ,moving_average__ps,MSFT
nasdaq_msft_moving_average__ps_v2,NASDAQ,moving_average__ps,MSFT
nasdaq_msft_moving_average__ps_v4,NASDAQ,moving_average__ps,MSFT
nasdaq_msft_moving_average__ps_v6,NASDAQ,moving_average__ps,MSFT
nasdaq_msft_moving_average__ps_v8,NASDAQ,moving_average__ps,MSFT
nasdaq_msft_moving_average__ps_v9,NASDAQ,moving_average__ps,MSFT
nasdaq_nflx_moving_average__ps_v10,NASDAQ,moving_average__ps,NFLX
nasdaq_nflx_moving_average__ps_v8,NASDAQ,moving_average__ps,NFLX
nasdaq_nflx_moving_average__ps_v5,NASDAQ,moving_average__ps,NFLX
nasdaq_nflx_moving_average__ps_v4,NASDAQ,moving_average__ps,NFLX
nasdaq_nflx_moving_average__ps_v9,NASDAQ,moving_average__ps,NFLX
nasdaq_nflx_moving_average__ps_v7,NASDAQ,moving_average__ps,NFLX
nasdaq_nflx_moving_average__ps_v6,NASDAQ,moving_average__ps,NFLX
nasdaq_nflx_moving_average__ps_v2,NASDAQ,moving_average__ps,NFLX
nasdaq_nflx_moving_average__ps,NASDAQ,moving_average__ps,NFLX
nasdaq_nflx_moving_average__ps_v3,NASDAQ,moving_average__ps,NFLX
nasdaq_nvda_moving_average__ps_v7,NASDAQ,moving_average__ps,NVDA
nasdaq_nvda_moving_average__ps_v8,NASDAQ,moving_average__ps,NVDA
nasdaq_nvda_moving_average__ps_v5,NASDAQ,moving_average__ps,NVDA
nasdaq_nvda_moving_average__ps_v3,NASDAQ,moving_average__ps,NVDA
nasdaq_nvda_moving_average__ps_v9,NASDAQ,moving_average__ps,NVDA
nasdaq_nvda_moving_average__ps_v10,NASDAQ,moving_average__ps,NVDA
nasdaq_nvda_moving_average__ps,NASDAQ,moving_average__ps,NVDA
nasdaq_nvda_moving_average__ps_v4,NASDAQ,moving_average__ps,NVDA
nasdaq_nvda_moving_average__ps_v2,NASDAQ,moving_average__ps,NVDA
nasdaq_nvda_moving_average__ps_v6,NASDAQ,moving_average__ps,NVDA
nasdaq_qcom_moving_average__ps_v7,NASDAQ,moving_average__ps,QCOM
nasdaq_qcom_moving_average__ps_v10,NASDAQ,moving_average__ps,QCOM
nasdaq_qcom_moving_average__ps_v4,NASDAQ,moving_average__ps,QCOM
nasdaq_qcom_moving_average__ps_v8,NASDAQ,moving_average__ps,QCOM
nasdaq_qcom_moving_average__ps_v3,NASDAQ,moving_average__ps,QCOM
nasdaq_qcom_moving_average__ps,NASDAQ,moving_average__ps,QCOM
nasdaq_qcom_moving_average__ps_v6,NASDAQ,moving_average__ps,QCOM
nasdaq_qcom_moving_average__ps_v9,NASDAQ,moving_average__ps,QCOM
nasdaq_qcom_moving_average__ps_v5,NASDAQ,moving_average__ps,QCOM
nasdaq_qcom_moving_average__ps_v2,NASDAQ,moving_average__ps,QCOM
nasdaq_tsla_moving_average__ps_v2,NASDAQ,moving_average__ps,TSLA
nasdaq_tsla_moving_average__ps_v8,NASDAQ,moving_average__ps,TSLA
nasdaq_tsla_moving_average__ps_v5,NASDAQ,moving_average__ps,TSLA
nasdaq_tsla_moving_average__ps_v9,NASDAQ,moving_average__ps,TSLA
nasdaq_tsla_moving_average__ps_v6,NASDAQ,moving_average__ps,TSLA
nasdaq_tsla_moving_average__ps,NASDAQ,moving_average__ps,TSLA
nasdaq_tsla_moving_average__ps_v10,NASDAQ,moving_average__ps,TSLA
nasdaq_tsla_moving_average__ps_v7,NASDAQ,moving_average__ps,TSLA
nasdaq_tsla_moving_average__ps_v3,NASDAQ,moving_average__ps,TSLA
nasdaq_tsla_moving_average__ps_v4,NASDAQ,moving_average__ps,TSLA
nasdaq_random_forest_v10,NASDAQ,random_forest,
nasdaq_random_forest_v4,NASDAQ,random_forest,
nasdaq_random_forest_v2,NASDAQ,random_forest,
nasdaq_aapl_random_forest__ps_v10,NASDAQ,random_forest__ps,AAPL
nasdaq_aapl_random_forest__ps_v5,NASDAQ,random_forest__ps,AAPL
nasdaq_aapl_random_forest__ps_v8,NASDAQ,random_forest__ps,AAPL
nasdaq_aapl_random_forest__ps_v4,NASDAQ,random_forest__ps,AAPL
nasdaq_aapl_random_forest__ps_v2,NASDAQ,random_forest__ps,AAPL
nasdaq_adbe_random_forest__ps_v10,NASDAQ,random_forest__ps,ADBE
nasdaq_adbe_random_forest__ps_v5,NASDAQ,random_forest__ps,ADBE
nasdaq_adbe_random_forest__ps_v8,NASDAQ,random_forest__ps,ADBE
nasdaq_adbe_random_forest__ps_v2,NASDAQ,random_forest__ps,ADBE
nasdaq_adbe_random_forest__ps_v4,NASDAQ,random_forest__ps,ADBE
nasdaq_amd_random_forest__ps_v5,NASDAQ,random_forest__ps,AMD
nasdaq_amd_random_forest__ps_v2,NASDAQ,random_forest__ps,AMD
nasdaq_amd_random_forest__ps_v4,NASDAQ,random_forest__ps,AMD
nasdaq_amd_random_forest__ps_v10,NASDAQ,random_forest__ps,AMD
nasdaq_amzn_random_forest__ps_v8,NASDAQ,random_forest__ps,AMZN
nasdaq_amzn_random_forest__ps,NASDAQ,random_forest__ps,AMZN
nasdaq_amzn_random_forest__ps_v2,NASDAQ,random_forest__ps,AMZN
nasdaq_amzn_random_forest__ps_v7,NASDAQ,random_forest__ps,AMZN
nasdaq_amzn_random_forest__ps_v5,NASDAQ,random_forest__ps,AMZN
nasdaq_amzn_random_forest__ps_v6,NASDAQ,random_forest__ps,AMZN
nasdaq_amzn_random_forest__ps_v4,NASDAQ,random_forest__ps,AMZN
nasdaq_amzn_random_forest__ps_v10,NASDAQ,random_forest__ps,AMZN
nasdaq_avgo_random_forest__ps_v10,NASDAQ,random_forest__ps,AVGO
nasdaq_avgo_random_forest__ps_v5,NASDAQ,random_forest__ps,AVGO
nasdaq_avgo_random_forest__ps_v2,NASDAQ,random_forest__ps,AVGO
nasdaq_avgo_random_forest__ps_v4,NASDAQ,random_forest__ps,AVGO
nasdaq_cost_random_forest__ps_v8,NASDAQ,random_forest__ps,COST
nasdaq_cost_random_forest__ps,NASDAQ,random_forest__ps,COST
nasdaq_cost_random_forest__ps_v4,NASDAQ,random_forest__ps,COST
nasdaq_cost_random_forest__ps_v2,NASDAQ,random_forest__ps,COST
nasdaq_cost_random_forest__ps_v6,NASDAQ,random_forest__ps,COST
nasdaq_cost_random_forest__ps_v10,NASDAQ,random_forest__ps,COST
nasdaq_cost_random_forest__ps_v7,NASDAQ,random_forest__ps,COST
nasdaq_cost_random_forest__ps_v5,NASDAQ,random_forest__ps,COST
nasdaq_csco_random_forest__ps_v5,NASDAQ,random_forest__ps,CSCO
nasdaq_csco_random_forest__ps,NASDAQ,random_forest__ps,CSCO
nasdaq_csco_random_forest__ps_v2,NASDAQ,random_forest__ps,CSCO
nasdaq_csco_random_forest__ps_v10,NASDAQ,random_forest__ps,CSCO
nasdaq_csco_random_forest__ps_v8,NASDAQ,random_forest__ps,CSCO
nasdaq_csco_random_forest__ps_v4,NASDAQ,random_forest__ps,CSCO
nasdaq_csco_random_forest__ps_v7,NASDAQ,random_forest__ps,CSCO
nasdaq_csco_random_forest__ps_v6,NASDAQ,random_forest__ps,CSCO
nasdaq_googl_random_forest__ps_v10,NASDAQ,random_forest__ps,GOOGL
nasdaq_googl_random_forest__ps_v8,NASDAQ,random_forest__ps,GOOGL
nasdaq_googl_random_forest__ps_v4,NASDAQ,random_forest__ps,GOOGL
nasdaq_googl_random_forest__ps_v2,NASDAQ,random_forest__ps,GOOGL
nasdaq_googl_random_forest__ps_v5,NASDAQ,random_forest__ps,GOOGL
nasdaq_intc_random_forest__ps_v10,NASDAQ,random_forest__ps,INTC
nasdaq_intc_random_forest__ps_v2,NASDAQ,random_forest__ps,INTC
nasdaq_intc_random_forest__ps_v4,NASDAQ,random_forest__ps,INTC
nasdaq_meta_random_forest__ps_v2,NASDAQ,random_forest__ps,META
nasdaq_meta_random_forest__ps_v10,NASDAQ,random_forest__ps,META
nasdaq_meta_random_forest__ps_v3,NASDAQ,random_forest__ps,META
nasdaq_meta_random_forest__ps_v4,NASDAQ,random_forest__ps,META
nasdaq_meta_random_forest__ps_v6,NASDAQ,random_forest__ps,META
nasdaq_meta_random_forest__ps,NASDAQ,random_forest__ps,META
nasdaq_meta_random_forest__ps_v5,NASDAQ,random_forest__ps,META
nasdaq_meta_random_forest__ps_v7,NASDAQ,random_forest__ps,META
nasdaq_meta_random_forest__ps_v9,NASDAQ,random_forest__ps,META
nasdaq_meta_random_forest__ps_v8,NASDAQ,random_forest__ps,META
nasdaq_msft_random_forest__ps_v7,NASDAQ,random_forest__ps,MSFT
nasdaq_msft_random_forest__ps_v3,NASDAQ,random_forest__ps,MSFT
nasdaq_msft_random_forest__ps_v10,NASDAQ,random_forest__ps,MSFT
nasdaq_msft_random_forest__ps_v8,NASDAQ,random_forest__ps,MSFT
nasdaq_msft_random_forest__ps_v2,NASDAQ,random_forest__ps,MSFT
nasdaq_msft_random_forest__ps_v4,NASDAQ,random_forest__ps,MSFT
nasdaq_msft_random_forest__ps,NASDAQ,random_forest__ps,MSFT
nasdaq_msft_random_forest__ps_v9,NASDAQ,random_forest__ps,MSFT
nasdaq_msft_random_forest__ps_v5,NASDAQ,random_forest__ps,MSFT
nasdaq_msft_random_forest__ps_v6,NASDAQ,random_forest__ps,MSFT
nasdaq_nflx_random_forest__ps_v10,NASDAQ,random_forest__ps,NFLX
nasdaq_nflx_random_forest__ps_v4,NASDAQ,random_forest__ps,NFLX
nasdaq_nflx_random_forest__ps_v5,NASDAQ,random_forest__ps,NFLX
nasdaq_nflx_random_forest__ps_v2,NASDAQ,random_forest__ps,NFLX
nasdaq_nvda_random_forest__ps_v10,NASDAQ,random_forest__ps,NVDA
nasdaq_nvda_random_forest__ps_v2,NASDAQ,random_forest__ps,NVDA
nasdaq_nvda_random_forest__ps_v4,NASDAQ,random_forest__ps,NVDA
nasdaq_qcom_random_forest__ps_v6,NASDAQ,random_forest__ps,QCOM
nasdaq_qcom_random_forest__ps_v2,NASDAQ,random_forest__ps,QCOM
nasdaq_qcom_random_forest__ps_v5,NASDAQ,random_forest__ps,QCOM
nasdaq_qcom_random_forest__ps_v8,NASDAQ,random_forest__ps,QCOM
nasdaq_qcom_random_forest__ps_v10,NASDAQ,random_forest__ps,QCOM
nasdaq_qcom_random_forest__ps_v4,NASDAQ,random_forest__ps,QCOM
nasdaq_qcom_random_forest__ps_v9,NASDAQ,random_forest__ps,QCOM
nasdaq_qcom_random_forest__ps_v3,NASDAQ,random_forest__ps,QCOM
nasdaq_qcom_random_forest__ps_v7,NASDAQ,random_forest__ps,QCOM
nasdaq_qcom_random_forest__ps,NASDAQ,random_forest__ps,QCOM
nasdaq_tsla_random_forest__ps_v4,NASDAQ,random_forest__ps,TSLA
nasdaq_tsla_random_forest__ps_v7,NASDAQ,random_forest__ps,TSLA
nasdaq_tsla_random_forest__ps_v9,NASDAQ,random_forest__ps,TSLA
nasdaq_tsla_random_forest__ps_v10,NASDAQ,random_forest__ps,TSLA
nasdaq_tsla_random_forest__ps_v6,NASDAQ,random_forest__ps,TSLA
nasdaq_tsla_random_forest__ps_v8,NASDAQ,random_forest__ps,TSLA
nasdaq_tsla_random_forest__ps,NASDAQ,random_forest__ps,TSLA
nasdaq_tsla_random_forest__ps_v3,NASDAQ,random_forest__ps,TSLA
nasdaq_tsla_random_forest__ps_v2,NASDAQ,random_forest__ps,TSLA
nasdaq_tsla_random_forest__ps_v5,NASDAQ,random_forest__ps,TSLA
nasdaq_aapl_rl_dqn__ps,NASDAQ,rl_dqn__ps,AAPL
nasdaq_adbe_rl_dqn__ps,NASDAQ,rl_dqn__ps,ADBE
nasdaq_amd_rl_dqn__ps,NASDAQ,rl_dqn__ps,AMD
nasdaq_amzn_rl_dqn__ps,NASDAQ,rl_dqn__ps,AMZN
nasdaq_avgo_rl_dqn__ps,NASDAQ,rl_dqn__ps,AVGO
nasdaq_cost_rl_dqn__ps,NASDAQ,rl_dqn__ps,COST
nasdaq_csco_rl_dqn__ps,NASDAQ,rl_dqn__ps,CSCO
nasdaq_googl_rl_dqn__ps,NASDAQ,rl_dqn__ps,GOOGL
nasdaq_intc_rl_dqn__ps,NASDAQ,rl_dqn__ps,INTC
nasdaq_meta_rl_dqn__ps,NASDAQ,rl_dqn__ps,META
nasdaq_msft_rl_dqn__ps,NASDAQ,rl_dqn__ps,MSFT
nasdaq_nflx_rl_dqn__ps,NASDAQ,rl_dqn__ps,NFLX
nasdaq_nvda_rl_dqn__ps,NASDAQ,rl_dqn__ps,NVDA
nasdaq_qcom_rl_dqn__ps,NASDAQ,rl_dqn__ps,QCOM
nasdaq_tsla_rl_dqn__ps,NASDAQ,rl_dqn__ps,TSLA
nasdaq_aapl_sarima__ps_v5,NASDAQ,sarima__ps,AAPL
nasdaq_aapl_sarima__ps_v6,NASDAQ,sarima__ps,AAPL
nasdaq_aapl_sarima__ps_v10,NASDAQ,sarima__ps,AAPL
nasdaq_aapl_sarima__ps_v3,NASDAQ,sarima__ps,AAPL
nasdaq_aapl_sarima__ps_v8,NASDAQ,sarima__ps,AAPL
nasdaq_aapl_sarima__ps_v4,NASDAQ,sarima__ps,AAPL
nasdaq_aapl_sarima__ps,NASDAQ,sarima__ps,AAPL
nasdaq_aapl_sarima__ps_v7,NASDAQ,sarima__ps,AAPL
nasdaq_aapl_sarima__ps_v2,NASDAQ,sarima__ps,AAPL
nasdaq_adbe_sarima__ps_v10,NASDAQ,sarima__ps,ADBE
nasdaq_adbe_sarima__ps_v7,NASDAQ,sarima__ps,ADBE
nasdaq_adbe_sarima__ps_v3,NASDAQ,sarima__ps,ADBE
nasdaq_adbe_sarima__ps_v8,NASDAQ,sarima__ps,ADBE
nasdaq_adbe_sarima__ps_v5,NASDAQ,sarima__ps,ADBE
nasdaq_adbe_sarima__ps_v4,NASDAQ,sarima__ps,ADBE
nasdaq_adbe_sarima__ps_v6,NASDAQ,sarima__ps,ADBE
nasdaq_adbe_sarima__ps_v2,NASDAQ,sarima__ps,ADBE
nasdaq_adbe_sarima__ps,NASDAQ,sarima__ps,ADBE
nasdaq_amd_sarima__ps_v10,NASDAQ,sarima__ps,AMD
nasdaq_amd_sarima__ps_v2,NASDAQ,sarima__ps,AMD
nasdaq_amd_sarima__ps_v8,NASDAQ,sarima__ps,AMD
nasdaq_amd_sarima__ps_v5,NASDAQ,sarima__ps,AMD
nasdaq_amzn_sarima__ps_v5,NASDAQ,sarima__ps,AMZN
nasdaq_amzn_sarima__ps_v10,NASDAQ,sarima__ps,AMZN
nasdaq_amzn_sarima__ps_v2,NASDAQ,sarima__ps,AMZN
nasdaq_avgo_sarima__ps_v10,NASDAQ,sarima__ps,AVGO
nasdaq_avgo_sarima__ps_v5,NASDAQ,sarima__ps,AVGO
nasdaq_cost_sarima__ps_v9,NASDAQ,sarima__ps,COST
nasdaq_cost_sarima__ps_v7,NASDAQ,sarima__ps,COST
nasdaq_cost_sarima__ps_v5,NASDAQ,sarima__ps,COST
nasdaq_cost_sarima__ps_v8,NASDAQ,sarima__ps,COST
nasdaq_cost_sarima__ps_v4,NASDAQ,sarima__ps,COST
nasdaq_cost_sarima__ps,NASDAQ,sarima__ps,COST
nasdaq_cost_sarima__ps_v2,NASDAQ,sarima__ps,COST
nasdaq_cost_sarima__ps_v6,NASDAQ,sarima__ps,COST
nasdaq_cost_sarima__ps_v3,NASDAQ,sarima__ps,COST
nasdaq_cost_sarima__ps_v10,NASDAQ,sarima__ps,COST
nasdaq_csco_sarima__ps_v2,NASDAQ,sarima__ps,CSCO
nasdaq_csco_sarima__ps_v10,NASDAQ,sarima__ps,CSCO
nasdaq_csco_sarima__ps_v5,NASDAQ,sarima__ps,CSCO
nasdaq_googl_sarima__ps_v8,NASDAQ,sarima__ps,GOOGL
nasdaq_googl_sarima__ps,NASDAQ,sarima__ps,GOOGL
nasdaq_googl_sarima__ps_v2,NASDAQ,sarima__ps,GOOGL
nasdaq_googl_sarima__ps_v5,NASDAQ,sarima__ps,GOOGL
nasdaq_googl_sarima__ps_v7,NASDAQ,sarima__ps,GOOGL
nasdaq_googl_sarima__ps_v10,NASDAQ,sarima__ps,GOOGL
nasdaq_googl_sarima__ps_v4,NASDAQ,sarima__ps,GOOGL
nasdaq_googl_sarima__ps_v6,NASDAQ,sarima__ps,GOOGL
nasdaq_intc_sarima__ps_v5,NASDAQ,sarima__ps,INTC
nasdaq_intc_sarima__ps_v10,NASDAQ,sarima__ps,INTC
nasdaq_meta_sarima__ps,NASDAQ,sarima__ps,META
nasdaq_meta_sarima__ps_v8,NASDAQ,sarima__ps,META
nasdaq_meta_sarima__ps_v6,NASDAQ,sarima__ps,META
nasdaq_meta_sarima__ps_v3,NASDAQ,sarima__ps,META
nasdaq_meta_sarima__ps_v2,NASDAQ,sarima__ps,META
nasdaq_meta_sarima__ps_v4,NASDAQ,sarima__ps,META
nasdaq_meta_sarima__ps_v9,NASDAQ,sarima__ps,META
nasdaq_meta_sarima__ps_v7,NASDAQ,sarima__ps,META
nasdaq_meta_sarima__ps_v10,NASDAQ,sarima__ps,META
nasdaq_meta_sarima__ps_v5,NASDAQ,sarima__ps,META
nasdaq_msft_sarima__ps_v10,NASDAQ,sarima__ps,MSFT
nasdaq_msft_sarima__ps_v8,NASDAQ,sarima__ps,MSFT
nasdaq_msft_sarima__ps_v4,NASDAQ,sarima__ps,MSFT
nasdaq_msft_sarima__ps_v7,NASDAQ,sarima__ps,MSFT
nasdaq_msft_sarima__ps_v2,NASDAQ,sarima__ps,MSFT
nasdaq_msft_sarima__ps_v5,NASDAQ,sarima__ps,MSFT
nasdaq_msft_sarima__ps_v6,NASDAQ,sarima__ps,MSFT
nasdaq_msft_sarima__ps,NASDAQ,sarima__ps,MSFT
nasdaq_nflx_sarima__ps_v5,NASDAQ,sarima__ps,NFLX
nasdaq_nflx_sarima__ps_v10,NASDAQ,sarima__ps,NFLX
nasdaq_nflx_sarima__ps_v8,NASDAQ,sarima__ps,NFLX
nasdaq_nflx_sarima__ps_v2,NASDAQ,sarima__ps,NFLX
nasdaq_nvda_sarima__ps_v4,NASDAQ,sarima__ps,NVDA
nasdaq_nvda_sarima__ps,NASDAQ,sarima__ps,NVDA
nasdaq_nvda_sarima__ps_v7,NASDAQ,sarima__ps,NVDA
nasdaq_nvda_sarima__ps_v6,NASDAQ,sarima__ps,NVDA
nasdaq_nvda_sarima__ps_v2,NASDAQ,sarima__ps,NVDA
nasdaq_nvda_sarima__ps_v8,NASDAQ,sarima__ps,NVDA
nasdaq_nvda_sarima__ps_v9,NASDAQ,sarima__ps,NVDA
nasdaq_nvda_sarima__ps_v10,NASDAQ,sarima__ps,NVDA
nasdaq_nvda_sarima__ps_v5,NASDAQ,sarima__ps,NVDA
nasdaq_nvda_sarima__ps_v3,NASDAQ,sarima__ps,NVDA
nasdaq_tsla_sarima__ps_v3,NASDAQ,sarima__ps,TSLA
nasdaq_tsla_sarima__ps_v4,NASDAQ,sarima__ps,TSLA
nasdaq_tsla_sarima__ps_v5,NASDAQ,sarima__ps,TSLA
nasdaq_tsla_sarima__ps_v2,NASDAQ,sarima__ps,TSLA
nasdaq_tsla_sarima__ps,NASDAQ,sarima__ps,TSLA
nasdaq_tsla_sarima__ps_v10,NASDAQ,sarima__ps,TSLA
nasdaq_tsla_sarima__ps_v7,NASDAQ,sarima__ps,TSLA
nasdaq_tsla_sarima__ps_v6,NASDAQ,sarima__ps,TSLA
nasdaq_tsla_sarima__ps_v8,NASDAQ,sarima__ps,TSLA
nasdaq_tsla_sarima__ps_v9,NASDAQ,sarima__ps,TSLA
nasdaq_xgboost_v4,NASDAQ,xgboost,
nasdaq_xgboost_v10,NASDAQ,xgboost,
nasdaq_aapl_xgboost__ps_v8,NASDAQ,xgboost__ps,AAPL
nasdaq_aapl_xgboost__ps_v4,NASDAQ,xgboost__ps,AAPL
nasdaq_aapl_xgboost__ps,NASDAQ,xgboost__ps,AAPL
nasdaq_aapl_xgboost__ps_v3,NASDAQ,xgboost__ps,AAPL
nasdaq_aapl_xgboost__ps_v2,NASDAQ,xgboost__ps,AAPL
nasdaq_aapl_xgboost__ps_v7,NASDAQ,xgboost__ps,AAPL
nasdaq_aapl_xgboost__ps_v6,NASDAQ,xgboost__ps,AAPL
nasdaq_aapl_xgboost__ps_v5,NASDAQ,xgboost__ps,AAPL
nasdaq_aapl_xgboost__ps_v10,NASDAQ,xgboost__ps,AAPL
nasdaq_adbe_xgboost__ps_v2,NASDAQ,xgboost__ps,ADBE
nasdaq_adbe_xgboost__ps_v10,NASDAQ,xgboost__ps,ADBE
nasdaq_adbe_xgboost__ps_v8,NASDAQ,xgboost__ps,ADBE
nasdaq_adbe_xgboost__ps_v5,NASDAQ,xgboost__ps,ADBE
nasdaq_adbe_xgboost__ps_v3,NASDAQ,xgboost__ps,ADBE
nasdaq_adbe_xgboost__ps_v7,NASDAQ,xgboost__ps,ADBE
nasdaq_adbe_xgboost__ps_v9,NASDAQ,xgboost__ps,ADBE
nasdaq_adbe_xgboost__ps_v4,NASDAQ,xgboost__ps,ADBE
nasdaq_adbe_xgboost__ps,NASDAQ,xgboost__ps,ADBE
nasdaq_adbe_xgboost__ps_v6,NASDAQ,xgboost__ps,ADBE
nasdaq_amd_xgboost__ps_v5,NASDAQ,xgboost__ps,AMD
nasdaq_amd_xgboost__ps_v10,NASDAQ,xgboost__ps,AMD
nasdaq_amd_xgboost__ps_v2,NASDAQ,xgboost__ps,AMD
nasdaq_amd_xgboost__ps_v4,NASDAQ,xgboost__ps,AMD
nasdaq_amzn_xgboost__ps_v6,NASDAQ,xgboost__ps,AMZN
nasdaq_amzn_xgboost__ps,NASDAQ,xgboost__ps,AMZN
nasdaq_amzn_xgboost__ps_v10,NASDAQ,xgboost__ps,AMZN
nasdaq_amzn_xgboost__ps_v8,NASDAQ,xgboost__ps,AMZN
nasdaq_amzn_xgboost__ps_v7,NASDAQ,xgboost__ps,AMZN
nasdaq_amzn_xgboost__ps_v4,NASDAQ,xgboost__ps,AMZN
nasdaq_amzn_xgboost__ps_v2,NASDAQ,xgboost__ps,AMZN
nasdaq_amzn_xgboost__ps_v5,NASDAQ,xgboost__ps,AMZN
nasdaq_avgo_xgboost__ps_v6,NASDAQ,xgboost__ps,AVGO
nasdaq_avgo_xgboost__ps_v8,NASDAQ,xgboost__ps,AVGO
nasdaq_avgo_xgboost__ps,NASDAQ,xgboost__ps,AVGO
nasdaq_avgo_xgboost__ps_v4,NASDAQ,xgboost__ps,AVGO
nasdaq_avgo_xgboost__ps_v2,NASDAQ,xgboost__ps,AVGO
nasdaq_avgo_xgboost__ps_v3,NASDAQ,xgboost__ps,AVGO
nasdaq_avgo_xgboost__ps_v10,NASDAQ,xgboost__ps,AVGO
nasdaq_avgo_xgboost__ps_v5,NASDAQ,xgboost__ps,AVGO
nasdaq_avgo_xgboost__ps_v7,NASDAQ,xgboost__ps,AVGO
nasdaq_cost_xgboost__ps_v8,NASDAQ,xgboost__ps,COST
nasdaq_cost_xgboost__ps_v5,NASDAQ,xgboost__ps,COST
nasdaq_cost_xgboost__ps,NASDAQ,xgboost__ps,COST
nasdaq_cost_xgboost__ps_v4,NASDAQ,xgboost__ps,COST
nasdaq_cost_xgboost__ps_v10,NASDAQ,xgboost__ps,COST
nasdaq_cost_xgboost__ps_v2,NASDAQ,xgboost__ps,COST
nasdaq_cost_xgboost__ps_v7,NASDAQ,xgboost__ps,COST
nasdaq_cost_xgboost__ps_v6,NASDAQ,xgboost__ps,COST
nasdaq_csco_xgboost__ps_v10,NASDAQ,xgboost__ps,CSCO
nasdaq_csco_xgboost__ps_v4,NASDAQ,xgboost__ps,CSCO
nasdaq_csco_xgboost__ps_v8,NASDAQ,xgboost__ps,CSCO
nasdaq_csco_xgboost__ps_v2,NASDAQ,xgboost__ps,CSCO
nasdaq_csco_xgboost__ps_v5,NASDAQ,xgboost__ps,CSCO
nasdaq_googl_xgboost__ps_v10,NASDAQ,xgboost__ps,GOOGL
nasdaq_googl_xgboost__ps_v2,NASDAQ,xgboost__ps,GOOGL
nasdaq_googl_xgboost__ps_v7,NASDAQ,xgboost__ps,GOOGL
nasdaq_googl_xgboost__ps_v4,NASDAQ,xgboost__ps,GOOGL
nasdaq_googl_xgboost__ps,NASDAQ,xgboost__ps,GOOGL
nasdaq_googl_xgboost__ps_v5,NASDAQ,xgboost__ps,GOOGL
nasdaq_googl_xgboost__ps_v6,NASDAQ,xgboost__ps,GOOGL
nasdaq_googl_xgboost__ps_v8,NASDAQ,xgboost__ps,GOOGL
nasdaq_intc_xgboost__ps_v2,NASDAQ,xgboost__ps,INTC
nasdaq_intc_xgboost__ps_v10,NASDAQ,xgboost__ps,INTC
nasdaq_intc_xgboost__ps_v5,NASDAQ,xgboost__ps,INTC
nasdaq_intc_xgboost__ps_v4,NASDAQ,xgboost__ps,INTC
nasdaq_meta_xgboost__ps_v2,NASDAQ,xgboost__ps,META
nasdaq_meta_xgboost__ps_v7,NASDAQ,xgboost__ps,META
nasdaq_meta_xgboost__ps_v4,NASDAQ,xgboost__ps,META
nasdaq_meta_xgboost__ps,NASDAQ,xgboost__ps,META
nasdaq_meta_xgboost__ps_v3,NASDAQ,xgboost__ps,META
nasdaq_meta_xgboost__ps_v5,NASDAQ,xgboost__ps,META
nasdaq_meta_xgboost__ps_v10,NASDAQ,xgboost__ps,META
nasdaq_meta_xgboost__ps_v8,NASDAQ,xgboost__ps,META
nasdaq_meta_xgboost__ps_v6,NASDAQ,xgboost__ps,META
nasdaq_meta_xgboost__ps_v9,NASDAQ,xgboost__ps,META
nasdaq_msft_xgboost__ps_v4,NASDAQ,xgboost__ps,MSFT
nasdaq_msft_xgboost__ps_v10,NASDAQ,xgboost__ps,MSFT
nasdaq_msft_xgboost__ps_v2,NASDAQ,xgboost__ps,MSFT
nasdaq_msft_xgboost__ps_v5,NASDAQ,xgboost__ps,MSFT
nasdaq_msft_xgboost__ps_v6,NASDAQ,xgboost__ps,MSFT
nasdaq_msft_xgboost__ps_v3,NASDAQ,xgboost__ps,MSFT
nasdaq_msft_xgboost__ps,NASDAQ,xgboost__ps,MSFT
nasdaq_msft_xgboost__ps_v7,NASDAQ,xgboost__ps,MSFT
nasdaq_msft_xgboost__ps_v8,NASDAQ,xgboost__ps,MSFT
nasdaq_nflx_xgboost__ps_v10,NASDAQ,xgboost__ps,NFLX
nasdaq_nflx_xgboost__ps_v4,NASDAQ,xgboost__ps,NFLX
nasdaq_nvda_xgboost__ps_v10,NASDAQ,xgboost__ps,NVDA
nasdaq_nvda_xgboost__ps_v4,NASDAQ,xgboost__ps,NVDA
nasdaq_qcom_xgboost__ps_v4,NASDAQ,xgboost__ps,QCOM
nasdaq_qcom_xgboost__ps_v3,NASDAQ,xgboost__ps,QCOM
nasdaq_qcom_xgboost__ps_v10,NASDAQ,xgboost__ps,QCOM
nasdaq_qcom_xgboost__ps_v8,NASDAQ,xgboost__ps,QCOM
nasdaq_qcom_xgboost__ps_v5,NASDAQ,xgboost__ps,QCOM
nasdaq_qcom_xgboost__ps,NASDAQ,xgboost__ps,QCOM
nasdaq_qcom_xgboost__ps_v6,NASDAQ,xgboost__ps,QCOM
nasdaq_qcom_xgboost__ps_v2,NASDAQ,xgboost__ps,QCOM
nasdaq_qcom_xgboost__ps_v7,NASDAQ,xgboost__ps,QCOM
nasdaq_tsla_xgboost__ps_v8,NASDAQ,xgboost__ps,TSLA
nasdaq_tsla_xgboost__ps_v7,NASDAQ,xgboost__ps,TSLA
nasdaq_tsla_xgboost__ps_v4,NASDAQ,xgboost__ps,TSLA
nasdaq_tsla_xgboost__ps_v5,NASDAQ,xgboost__ps,TSLA
nasdaq_tsla_xgboost__ps_v6,NASDAQ,xgboost__ps,TSLA
nasdaq_tsla_xgboost__ps_v2,NASDAQ,xgboost__ps,TSLA
nasdaq_tsla_xgboost__ps,NASDAQ,xgboost__ps,TSLA
nasdaq_tsla_xgboost__ps_v3,NASDAQ,xgboost__ps,TSLA
nasdaq_tsla_xgboost__ps_v9,NASDAQ,xgboost__ps,TSLA
nasdaq_tsla_xgboost__ps_v10,NASDAQ,xgboost__ps,TSLA
sp500_arima_garch_v10,SP500,arima_garch,
sp500_arima_garch_v5,SP500,arima_garch,
sp500_arima_garch_v2,SP500,arima_garch,
sp500_arima_garch_v8,SP500,arima_garch,
sp500_bac_arima_garch__ps_v7,SP500,arima_garch__ps,BAC
sp500_bac_arima_garch__ps_v6,SP500,arima_garch__ps,BAC
sp500_bac_arima_garch__ps_v4,SP500,arima_garch__ps,BAC
sp500_bac_arima_garch__ps_v9,SP500,arima_garch__ps,BAC
sp500_bac_arima_garch__ps_v5,SP500,arima_garch__ps,BAC
sp500_bac_arima_garch__ps_v10,SP500,arima_garch__ps,BAC
sp500_bac_arima_garch__ps_v8,SP500,arima_garch__ps,BAC
sp500_bac_arima_garch__ps_v2,SP500,arima_garch__ps,BAC
sp500_bac_arima_garch__ps,SP500,arima_garch__ps,BAC
sp500_bac_arima_garch__ps_v3,SP500,arima_garch__ps,BAC
sp500_cvx_arima_garch__ps_v3,SP500,arima_garch__ps,CVX
sp500_cvx_arima_garch__ps_v5,SP500,arima_garch__ps,CVX
sp500_cvx_arima_garch__ps_v8,SP500,arima_garch__ps,CVX
sp500_cvx_arima_garch__ps_v7,SP500,arima_garch__ps,CVX
sp500_cvx_arima_garch__ps,SP500,arima_garch__ps,CVX
sp500_cvx_arima_garch__ps_v2,SP500,arima_garch__ps,CVX
sp500_cvx_arima_garch__ps_v4,SP500,arima_garch__ps,CVX
sp500_cvx_arima_garch__ps_v10,SP500,arima_garch__ps,CVX
sp500_cvx_arima_garch__ps_v6,SP500,arima_garch__ps,CVX
sp500_gs_arima_garch__ps_v9,SP500,arima_garch__ps,GS
sp500_gs_arima_garch__ps_v2,SP500,arima_garch__ps,GS
sp500_gs_arima_garch__ps_v4,SP500,arima_garch__ps,GS
sp500_gs_arima_garch__ps,SP500,arima_garch__ps,GS
sp500_gs_arima_garch__ps_v10,SP500,arima_garch__ps,GS
sp500_gs_arima_garch__ps_v6,SP500,arima_garch__ps,GS
sp500_gs_arima_garch__ps_v5,SP500,arima_garch__ps,GS
sp500_gs_arima_garch__ps_v7,SP500,arima_garch__ps,GS
sp500_gs_arima_garch__ps_v3,SP500,arima_garch__ps,GS
sp500_gs_arima_garch__ps_v8,SP500,arima_garch__ps,GS
sp500_jnj_arima_garch__ps_v6,SP500,arima_garch__ps,JNJ
sp500_jnj_arima_garch__ps_v5,SP500,arima_garch__ps,JNJ
sp500_jnj_arima_garch__ps_v4,SP500,arima_garch__ps,JNJ
sp500_jnj_arima_garch__ps_v7,SP500,arima_garch__ps,JNJ
sp500_jnj_arima_garch__ps_v10,SP500,arima_garch__ps,JNJ
sp500_jnj_arima_garch__ps,SP500,arima_garch__ps,JNJ
sp500_jnj_arima_garch__ps_v2,SP500,arima_garch__ps,JNJ
sp500_jnj_arima_garch__ps_v8,SP500,arima_garch__ps,JNJ
sp500_jnj_arima_garch__ps_v3,SP500,arima_garch__ps,JNJ
sp500_jpm_arima_garch__ps_v2,SP500,arima_garch__ps,JPM
sp500_jpm_arima_garch__ps_v7,SP500,arima_garch__ps,JPM
sp500_jpm_arima_garch__ps_v8,SP500,arima_garch__ps,JPM
sp500_jpm_arima_garch__ps,SP500,arima_garch__ps,JPM
sp500_jpm_arima_garch__ps_v5,SP500,arima_garch__ps,JPM
sp500_jpm_arima_garch__ps_v10,SP500,arima_garch__ps,JPM
sp500_jpm_arima_garch__ps_v6,SP500,arima_garch__ps,JPM
sp500_jpm_arima_garch__ps_v4,SP500,arima_garch__ps,JPM
sp500_ko_arima_garch__ps_v9,SP500,arima_garch__ps,KO
sp500_ko_arima_garch__ps,SP500,arima_garch__ps,KO
sp500_ko_arima_garch__ps_v5,SP500,arima_garch__ps,KO
sp500_ko_arima_garch__ps_v3,SP500,arima_garch__ps,KO
sp500_ko_arima_garch__ps_v10,SP500,arima_garch__ps,KO
sp500_ko_arima_garch__ps_v8,SP500,arima_garch__ps,KO
sp500_ko_arima_garch__ps_v4,SP500,arima_garch__ps,KO
sp500_ko_arima_garch__ps_v7,SP500,arima_garch__ps,KO
sp500_ko_arima_garch__ps_v6,SP500,arima_garch__ps,KO
sp500_ko_arima_garch__ps_v2,SP500,arima_garch__ps,KO
sp500_ma_arima_garch__ps_v8,SP500,arima_garch__ps,MA
sp500_ma_arima_garch__ps_v3,SP500,arima_garch__ps,MA
sp500_ma_arima_garch__ps,SP500,arima_garch__ps,MA
sp500_ma_arima_garch__ps_v6,SP500,arima_garch__ps,MA
sp500_ma_arima_garch__ps_v9,SP500,arima_garch__ps,MA
sp500_ma_arima_garch__ps_v4,SP500,arima_garch__ps,MA
sp500_ma_arima_garch__ps_v5,SP500,arima_garch__ps,MA
sp500_ma_arima_garch__ps_v2,SP500,arima_garch__ps,MA
sp500_ma_arima_garch__ps_v10,SP500,arima_garch__ps,MA
sp500_ma_arima_garch__ps_v7,SP500,arima_garch__ps,MA
sp500_pfe_arima_garch__ps_v8,SP500,arima_garch__ps,PFE
sp500_pfe_arima_garch__ps_v10,SP500,arima_garch__ps,PFE
sp500_pfe_arima_garch__ps_v5,SP500,arima_garch__ps,PFE
sp500_pfe_arima_garch__ps_v2,SP500,arima_garch__ps,PFE
sp500_pg_arima_garch__ps,SP500,arima_garch__ps,PG
sp500_pg_arima_garch__ps_v2,SP500,arima_garch__ps,PG
sp500_pg_arima_garch__ps_v5,SP500,arima_garch__ps,PG
sp500_pg_arima_garch__ps_v6,SP500,arima_garch__ps,PG
sp500_pg_arima_garch__ps_v8,SP500,arima_garch__ps,PG
sp500_pg_arima_garch__ps_v10,SP500,arima_garch__ps,PG
sp500_pg_arima_garch__ps_v4,SP500,arima_garch__ps,PG
sp500_pg_arima_garch__ps_v7,SP500,arima_garch__ps,PG
sp500_qqq_arima_garch__ps_v5,SP500,arima_garch__ps,QQQ
sp500_qqq_arima_garch__ps_v9,SP500,arima_garch__ps,QQQ
sp500_qqq_arima_garch__ps_v10,SP500,arima_garch__ps,QQQ
sp500_qqq_arima_garch__ps_v6,SP500,arima_garch__ps,QQQ
sp500_qqq_arima_garch__ps_v4,SP500,arima_garch__ps,QQQ
sp500_qqq_arima_garch__ps_v8,SP500,arima_garch__ps,QQQ
sp500_qqq_arima_garch__ps_v2,SP500,arima_garch__ps,QQQ
sp500_qqq_arima_garch__ps,SP500,arima_garch__ps,QQQ
sp500_qqq_arima_garch__ps_v3,SP500,arima_garch__ps,QQQ
sp500_qqq_arima_garch__ps_v7,SP500,arima_garch__ps,QQQ
sp500_spy_arima_garch__ps_v8,SP500,arima_garch__ps,SPY
sp500_spy_arima_garch__ps_v6,SP500,arima_garch__ps,SPY
sp500_spy_arima_garch__ps,SP500,arima_garch__ps,SPY
sp500_spy_arima_garch__ps_v9,SP500,arima_garch__ps,SPY
sp500_spy_arima_garch__ps_v4,SP500,arima_garch__ps,SPY
sp500_spy_arima_garch__ps_v7,SP500,arima_garch__ps,SPY
sp500_spy_arima_garch__ps_v2,SP500,arima_garch__ps,SPY
sp500_spy_arima_garch__ps_v10,SP500,arima_garch__ps,SPY
sp500_spy_arima_garch__ps_v3,SP500,arima_garch__ps,SPY
sp500_spy_arima_garch__ps_v5,SP500,arima_garch__ps,SPY
sp500_unh_arima_garch__ps_v3,SP500,arima_garch__ps,UNH
sp500_unh_arima_garch__ps_v8,SP500,arima_garch__ps,UNH
sp500_unh_arima_garch__ps,SP500,arima_garch__ps,UNH
sp500_unh_arima_garch__ps_v7,SP500,arima_garch__ps,UNH
sp500_unh_arima_garch__ps_v10,SP500,arima_garch__ps,UNH
sp500_unh_arima_garch__ps_v5,SP500,arima_garch__ps,UNH
sp500_unh_arima_garch__ps_v4,SP500,arima_garch__ps,UNH
sp500_unh_arima_garch__ps_v9,SP500,arima_garch__ps,UNH
sp500_unh_arima_garch__ps_v6,SP500,arima_garch__ps,UNH
sp500_unh_arima_garch__ps_v2,SP500,arima_garch__ps,UNH
sp500_v_arima_garch__ps_v9,SP500,arima_garch__ps,V
sp500_v_arima_garch__ps_v5,SP500,arima_garch__ps,V
sp500_v_arima_garch__ps_v4,SP500,arima_garch__ps,V
sp500_v_arima_garch__ps_v10,SP500,arima_garch__ps,V
sp500_v_arima_garch__ps_v8,SP500,arima_garch__ps,V
sp500_v_arima_garch__ps,SP500,arima_garch__ps,V
sp500_v_arima_garch__ps_v3,SP500,arima_garch__ps,V
sp500_v_arima_garch__ps_v7,SP500,arima_garch__ps,V
sp500_v_arima_garch__ps_v2,SP500,arima_garch__ps,V
sp500_v_arima_garch__ps_v6,SP500,arima_garch__ps,V
sp500_wmt_arima_garch__ps,SP500,arima_garch__ps,WMT
sp500_wmt_arima_garch__ps_v6,SP500,arima_garch__ps,WMT
sp500_wmt_arima_garch__ps_v3,SP500,arima_garch__ps,WMT
sp500_wmt_arima_garch__ps_v2,SP500,arima_garch__ps,WMT
sp500_wmt_arima_garch__ps_v7,SP500,arima_garch__ps,WMT
sp500_wmt_arima_garch__ps_v10,SP500,arima_garch__ps,WMT
sp500_wmt_arima_garch__ps_v4,SP500,arima_garch__ps,WMT
sp500_wmt_arima_garch__ps_v9,SP500,arima_garch__ps,WMT
sp500_wmt_arima_garch__ps_v8,SP500,arima_garch__ps,WMT
sp500_wmt_arima_garch__ps_v5,SP500,arima_garch__ps,WMT
sp500_xom_arima_garch__ps_v6,SP500,arima_garch__ps,XOM
sp500_xom_arima_garch__ps_v7,SP500,arima_garch__ps,XOM
sp500_xom_arima_garch__ps_v8,SP500,arima_garch__ps,XOM
sp500_xom_arima_garch__ps_v9,SP500,arima_garch__ps,XOM
sp500_xom_arima_garch__ps_v3,SP500,arima_garch__ps,XOM
sp500_xom_arima_garch__ps_v4,SP500,arima_garch__ps,XOM
sp500_xom_arima_garch__ps_v10,SP500,arima_garch__ps,XOM
sp500_xom_arima_garch__ps,SP500,arima_garch__ps,XOM
sp500_xom_arima_garch__ps_v2,SP500,arima_garch__ps,XOM
sp500_xom_arima_garch__ps_v5,SP500,arima_garch__ps,XOM
sp500_cvx_egarch__ps_v6,SP500,egarch__ps,CVX
sp500_cvx_egarch__ps_v7,SP500,egarch__ps,CVX
sp500_cvx_egarch__ps_v5,SP500,egarch__ps,CVX
sp500_cvx_egarch__ps_v9,SP500,egarch__ps,CVX
sp500_cvx_egarch__ps_v8,SP500,egarch__ps,CVX
sp500_cvx_egarch__ps_v3,SP500,egarch__ps,CVX
sp500_cvx_egarch__ps_v4,SP500,egarch__ps,CVX
sp500_cvx_egarch__ps_v2,SP500,egarch__ps,CVX
sp500_cvx_egarch__ps,SP500,egarch__ps,CVX
sp500_cvx_egarch__ps_v10,SP500,egarch__ps,CVX
sp500_gs_egarch__ps_v5,SP500,egarch__ps,GS
sp500_gs_egarch__ps_v10,SP500,egarch__ps,GS
sp500_jnj_egarch__ps_v7,SP500,egarch__ps,JNJ
sp500_jnj_egarch__ps_v8,SP500,egarch__ps,JNJ
sp500_jnj_egarch__ps_v10,SP500,egarch__ps,JNJ
sp500_jnj_egarch__ps,SP500,egarch__ps,JNJ
sp500_jnj_egarch__ps_v2,SP500,egarch__ps,JNJ
sp500_jnj_egarch__ps_v4,SP500,egarch__ps,JNJ
sp500_jnj_egarch__ps_v6,SP500,egarch__ps,JNJ
sp500_jnj_egarch__ps_v5,SP500,egarch__ps,JNJ
sp500_jpm_egarch__ps_v8,SP500,egarch__ps,JPM
sp500_jpm_egarch__ps_v2,SP500,egarch__ps,JPM
sp500_jpm_egarch__ps_v5,SP500,egarch__ps,JPM
sp500_jpm_egarch__ps_v6,SP500,egarch__ps,JPM
sp500_jpm_egarch__ps_v7,SP500,egarch__ps,JPM
sp500_jpm_egarch__ps_v10,SP500,egarch__ps,JPM
sp500_jpm_egarch__ps,SP500,egarch__ps,JPM
sp500_jpm_egarch__ps_v4,SP500,egarch__ps,JPM
sp500_ko_egarch__ps_v6,SP500,egarch__ps,KO
sp500_ko_egarch__ps_v10,SP500,egarch__ps,KO
sp500_ko_egarch__ps_v3,SP500,egarch__ps,KO
sp500_ko_egarch__ps_v7,SP500,egarch__ps,KO
sp500_ko_egarch__ps_v2,SP500,egarch__ps,KO
sp500_ko_egarch__ps_v5,SP500,egarch__ps,KO
sp500_ko_egarch__ps_v4,SP500,egarch__ps,KO
sp500_ko_egarch__ps,SP500,egarch__ps,KO
sp500_ko_egarch__ps_v9,SP500,egarch__ps,KO
sp500_ko_egarch__ps_v8,SP500,egarch__ps,KO
sp500_ma_egarch__ps_v6,SP500,egarch__ps,MA
sp500_ma_egarch__ps_v5,SP500,egarch__ps,MA
sp500_ma_egarch__ps_v3,SP500,egarch__ps,MA
sp500_ma_egarch__ps_v7,SP500,egarch__ps,MA
sp500_ma_egarch__ps_v2,SP500,egarch__ps,MA
sp500_ma_egarch__ps_v10,SP500,egarch__ps,MA
sp500_ma_egarch__ps,SP500,egarch__ps,MA
sp500_ma_egarch__ps_v9,SP500,egarch__ps,MA
sp500_ma_egarch__ps_v8,SP500,egarch__ps,MA
sp500_ma_egarch__ps_v4,SP500,egarch__ps,MA
sp500_pfe_egarch__ps_v2,SP500,egarch__ps,PFE
sp500_pfe_egarch__ps_v8,SP500,egarch__ps,PFE
sp500_pfe_egarch__ps_v5,SP500,egarch__ps,PFE
sp500_pfe_egarch__ps_v10,SP500,egarch__ps,PFE
sp500_pg_egarch__ps_v5,SP500,egarch__ps,PG
sp500_pg_egarch__ps,SP500,egarch__ps,PG
sp500_pg_egarch__ps_v2,SP500,egarch__ps,PG
sp500_pg_egarch__ps_v7,SP500,egarch__ps,PG
sp500_pg_egarch__ps_v10,SP500,egarch__ps,PG
sp500_pg_egarch__ps_v4,SP500,egarch__ps,PG
sp500_pg_egarch__ps_v6,SP500,egarch__ps,PG
sp500_pg_egarch__ps_v8,SP500,egarch__ps,PG
sp500_spy_egarch__ps_v2,SP500,egarch__ps,SPY
sp500_spy_egarch__ps_v8,SP500,egarch__ps,SPY
sp500_spy_egarch__ps_v5,SP500,egarch__ps,SPY
sp500_spy_egarch__ps_v10,SP500,egarch__ps,SPY
sp500_unh_egarch__ps,SP500,egarch__ps,UNH
sp500_unh_egarch__ps_v4,SP500,egarch__ps,UNH
sp500_unh_egarch__ps_v8,SP500,egarch__ps,UNH
sp500_unh_egarch__ps_v7,SP500,egarch__ps,UNH
sp500_unh_egarch__ps_v2,SP500,egarch__ps,UNH
sp500_unh_egarch__ps_v10,SP500,egarch__ps,UNH
sp500_unh_egarch__ps_v6,SP500,egarch__ps,UNH
sp500_unh_egarch__ps_v5,SP500,egarch__ps,UNH
sp500_v_egarch__ps_v3,SP500,egarch__ps,V
sp500_v_egarch__ps_v5,SP500,egarch__ps,V
sp500_v_egarch__ps_v2,SP500,egarch__ps,V
sp500_v_egarch__ps_v6,SP500,egarch__ps,V
sp500_v_egarch__ps_v8,SP500,egarch__ps,V
sp500_v_egarch__ps_v10,SP500,egarch__ps,V
sp500_v_egarch__ps,SP500,egarch__ps,V
sp500_v_egarch__ps_v9,SP500,egarch__ps,V
sp500_v_egarch__ps_v7,SP500,egarch__ps,V
sp500_v_egarch__ps_v4,SP500,egarch__ps,V
sp500_wmt_egarch__ps_v5,SP500,egarch__ps,WMT
sp500_wmt_egarch__ps,SP500,egarch__ps,WMT
sp500_wmt_egarch__ps_v10,SP500,egarch__ps,WMT
sp500_wmt_egarch__ps_v7,SP500,egarch__ps,WMT
sp500_wmt_egarch__ps_v9,SP500,egarch__ps,WMT
sp500_wmt_egarch__ps_v6,SP500,egarch__ps,WMT
sp500_wmt_egarch__ps_v8,SP500,egarch__ps,WMT
sp500_wmt_egarch__ps_v3,SP500,egarch__ps,WMT
sp500_wmt_egarch__ps_v4,SP500,egarch__ps,WMT
sp500_wmt_egarch__ps_v2,SP500,egarch__ps,WMT
sp500_xom_egarch__ps_v2,SP500,egarch__ps,XOM
sp500_xom_egarch__ps,SP500,egarch__ps,XOM
sp500_xom_egarch__ps_v10,SP500,egarch__ps,XOM
sp500_xom_egarch__ps_v4,SP500,egarch__ps,XOM
sp500_xom_egarch__ps_v5,SP500,egarch__ps,XOM
sp500_xom_egarch__ps_v3,SP500,egarch__ps,XOM
sp500_xom_egarch__ps_v8,SP500,egarch__ps,XOM
sp500_xom_egarch__ps_v7,SP500,egarch__ps,XOM
sp500_xom_egarch__ps_v6,SP500,egarch__ps,XOM
sp500_ema_v5,SP500,ema,
sp500_ema_v10,SP500,ema,
sp500_bac_ema__ps_v8,SP500,ema__ps,BAC
sp500_bac_ema__ps_v10,SP500,ema__ps,BAC
sp500_bac_ema__ps_v2,SP500,ema__ps,BAC
sp500_bac_ema__ps_v4,SP500,ema__ps,BAC
sp500_bac_ema__ps_v5,SP500,ema__ps,BAC
sp500_cvx_ema__ps_v8,SP500,ema__ps,CVX
sp500_cvx_ema__ps_v5,SP500,ema__ps,CVX
sp500_cvx_ema__ps_v3,SP500,ema__ps,CVX
sp500_cvx_ema__ps_v6,SP500,ema__ps,CVX
sp500_cvx_ema__ps_v10,SP500,ema__ps,CVX
sp500_cvx_ema__ps,SP500,ema__ps,CVX
sp500_cvx_ema__ps_v4,SP500,ema__ps,CVX
sp500_cvx_ema__ps_v2,SP500,ema__ps,CVX
sp500_cvx_ema__ps_v7,SP500,ema__ps,CVX
sp500_cvx_ema__ps_v9,SP500,ema__ps,CVX
sp500_gs_ema__ps_v2,SP500,ema__ps,GS
sp500_gs_ema__ps,SP500,ema__ps,GS
sp500_gs_ema__ps_v3,SP500,ema__ps,GS
sp500_gs_ema__ps_v7,SP500,ema__ps,GS
sp500_gs_ema__ps_v4,SP500,ema__ps,GS
sp500_gs_ema__ps_v5,SP500,ema__ps,GS
sp500_gs_ema__ps_v8,SP500,ema__ps,GS
sp500_gs_ema__ps_v9,SP500,ema__ps,GS
sp500_gs_ema__ps_v6,SP500,ema__ps,GS
sp500_gs_ema__ps_v10,SP500,ema__ps,GS
sp500_jnj_ema__ps_v10,SP500,ema__ps,JNJ
sp500_jnj_ema__ps_v5,SP500,ema__ps,JNJ
sp500_jpm_ema__ps_v8,SP500,ema__ps,JPM
sp500_jpm_ema__ps_v7,SP500,ema__ps,JPM
sp500_jpm_ema__ps_v5,SP500,ema__ps,JPM
sp500_jpm_ema__ps,SP500,ema__ps,JPM
sp500_jpm_ema__ps_v6,SP500,ema__ps,JPM
sp500_jpm_ema__ps_v10,SP500,ema__ps,JPM
sp500_jpm_ema__ps_v4,SP500,ema__ps,JPM
sp500_jpm_ema__ps_v2,SP500,ema__ps,JPM
sp500_ko_ema__ps_v6,SP500,ema__ps,KO
sp500_ko_ema__ps_v8,SP500,ema__ps,KO
sp500_ko_ema__ps_v7,SP500,ema__ps,KO
sp500_ko_ema__ps_v5,SP500,ema__ps,KO
sp500_ko_ema__ps_v4,SP500,ema__ps,KO
sp500_ko_ema__ps_v10,SP500,ema__ps,KO
sp500_ko_ema__ps,SP500,ema__ps,KO
sp500_ko_ema__ps_v2,SP500,ema__ps,KO
sp500_ma_ema__ps_v2,SP500,ema__ps,MA
sp500_ma_ema__ps_v5,SP500,ema__ps,MA
sp500_ma_ema__ps_v8,SP500,ema__ps,MA
sp500_ma_ema__ps_v10,SP500,ema__ps,MA
sp500_pfe_ema__ps,SP500,ema__ps,PFE
sp500_pfe_ema__ps_v7,SP500,ema__ps,PFE
sp500_pfe_ema__ps_v2,SP500,ema__ps,PFE
sp500_pfe_ema__ps_v8,SP500,ema__ps,PFE
sp500_pfe_ema__ps_v10,SP500,ema__ps,PFE
sp500_pfe_ema__ps_v4,SP500,ema__ps,PFE
sp500_pfe_ema__ps_v5,SP500,ema__ps,PFE
sp500_pfe_ema__ps_v9,SP500,ema__ps,PFE
sp500_pfe_ema__ps_v3,SP500,ema__ps,PFE
sp500_pfe_ema__ps_v6,SP500,ema__ps,PFE
sp500_pg_ema__ps_v10,SP500,ema__ps,PG
sp500_pg_ema__ps_v9,SP500,ema__ps,PG
sp500_pg_ema__ps_v7,SP500,ema__ps,PG
sp500_pg_ema__ps_v4,SP500,ema__ps,PG
sp500_pg_ema__ps_v6,SP500,ema__ps,PG
sp500_pg_ema__ps_v2,SP500,ema__ps,PG
sp500_pg_ema__ps_v3,SP500,ema__ps,PG
sp500_pg_ema__ps_v5,SP500,ema__ps,PG
sp500_pg_ema__ps_v8,SP500,ema__ps,PG
sp500_pg_ema__ps,SP500,ema__ps,PG
sp500_qqq_ema__ps_v9,SP500,ema__ps,QQQ
sp500_qqq_ema__ps_v6,SP500,ema__ps,QQQ
sp500_qqq_ema__ps,SP500,ema__ps,QQQ
sp500_qqq_ema__ps_v3,SP500,ema__ps,QQQ
sp500_qqq_ema__ps_v4,SP500,ema__ps,QQQ
sp500_qqq_ema__ps_v7,SP500,ema__ps,QQQ
sp500_qqq_ema__ps_v10,SP500,ema__ps,QQQ
sp500_qqq_ema__ps_v2,SP500,ema__ps,QQQ
sp500_qqq_ema__ps_v8,SP500,ema__ps,QQQ
sp500_qqq_ema__ps_v5,SP500,ema__ps,QQQ
sp500_spy_ema__ps_v7,SP500,ema__ps,SPY
sp500_spy_ema__ps_v5,SP500,ema__ps,SPY
sp500_spy_ema__ps_v4,SP500,ema__ps,SPY
sp500_spy_ema__ps_v2,SP500,ema__ps,SPY
sp500_spy_ema__ps_v8,SP500,ema__ps,SPY
sp500_spy_ema__ps_v9,SP500,ema__ps,SPY
sp500_spy_ema__ps_v10,SP500,ema__ps,SPY
sp500_spy_ema__ps_v3,SP500,ema__ps,SPY
sp500_spy_ema__ps_v6,SP500,ema__ps,SPY
sp500_spy_ema__ps,SP500,ema__ps,SPY
sp500_unh_ema__ps_v2,SP500,ema__ps,UNH
sp500_unh_ema__ps_v10,SP500,ema__ps,UNH
sp500_unh_ema__ps_v5,SP500,ema__ps,UNH
sp500_unh_ema__ps_v8,SP500,ema__ps,UNH
sp500_unh_ema__ps_v4,SP500,ema__ps,UNH
sp500_v_ema__ps_v10,SP500,ema__ps,V
sp500_v_ema__ps_v5,SP500,ema__ps,V
sp500_v_ema__ps_v2,SP500,ema__ps,V
sp500_v_ema__ps_v8,SP500,ema__ps,V
sp500_wmt_ema__ps_v4,SP500,ema__ps,WMT
sp500_wmt_ema__ps_v5,SP500,ema__ps,WMT
sp500_wmt_ema__ps_v2,SP500,ema__ps,WMT
sp500_wmt_ema__ps,SP500,ema__ps,WMT
sp500_wmt_ema__ps_v3,SP500,ema__ps,WMT
sp500_wmt_ema__ps_v9,SP500,ema__ps,WMT
sp500_wmt_ema__ps_v7,SP500,ema__ps,WMT
sp500_wmt_ema__ps_v8,SP500,ema__ps,WMT
sp500_wmt_ema__ps_v10,SP500,ema__ps,WMT
sp500_wmt_ema__ps_v6,SP500,ema__ps,WMT
sp500_xom_ema__ps_v7,SP500,ema__ps,XOM
sp500_xom_ema__ps_v2,SP500,ema__ps,XOM
sp500_xom_ema__ps_v6,SP500,ema__ps,XOM
sp500_xom_ema__ps_v8,SP500,ema__ps,XOM
sp500_xom_ema__ps_v9,SP500,ema__ps,XOM
sp500_xom_ema__ps_v4,SP500,ema__ps,XOM
sp500_xom_ema__ps,SP500,ema__ps,XOM
sp500_xom_ema__ps_v10,SP500,ema__ps,XOM
sp500_xom_ema__ps_v3,SP500,ema__ps,XOM
sp500_xom_ema__ps_v5,SP500,ema__ps,XOM
sp500_ensemble_v4,SP500,ensemble,
sp500_ensemble_v10,SP500,ensemble,
sp500_ensemble_v2,SP500,ensemble,
sp500_bac_ensemble__ps_v3,SP500,ensemble__ps,BAC
sp500_bac_ensemble__ps_v8,SP500,ensemble__ps,BAC
sp500_bac_ensemble__ps_v4,SP500,ensemble__ps,BAC
sp500_bac_ensemble__ps_v9,SP500,ensemble__ps,BAC
sp500_bac_ensemble__ps,SP500,ensemble__ps,BAC
sp500_bac_ensemble__ps_v6,SP500,ensemble__ps,BAC
sp500_bac_ensemble__ps_v10,SP500,ensemble__ps,BAC
sp500_bac_ensemble__ps_v2,SP500,ensemble__ps,BAC
sp500_bac_ensemble__ps_v5,SP500,ensemble__ps,BAC
sp500_bac_ensemble__ps_v7,SP500,ensemble__ps,BAC
sp500_cvx_ensemble__ps_v2,SP500,ensemble__ps,CVX
sp500_cvx_ensemble__ps_v5,SP500,ensemble__ps,CVX
sp500_cvx_ensemble__ps_v8,SP500,ensemble__ps,CVX
sp500_cvx_ensemble__ps_v10,SP500,ensemble__ps,CVX
sp500_cvx_ensemble__ps_v4,SP500,ensemble__ps,CVX
sp500_gs_ensemble__ps,SP500,ensemble__ps,GS
sp500_gs_ensemble__ps_v6,SP500,ensemble__ps,GS
sp500_gs_ensemble__ps_v5,SP500,ensemble__ps,GS
sp500_gs_ensemble__ps_v4,SP500,ensemble__ps,GS
sp500_gs_ensemble__ps_v7,SP500,ensemble__ps,GS
sp500_gs_ensemble__ps_v10,SP500,ensemble__ps,GS
sp500_gs_ensemble__ps_v9,SP500,ensemble__ps,GS
sp500_gs_ensemble__ps_v2,SP500,ensemble__ps,GS
sp500_gs_ensemble__ps_v8,SP500,ensemble__ps,GS
sp500_gs_ensemble__ps_v3,SP500,ensemble__ps,GS
sp500_jnj_ensemble__ps_v9,SP500,ensemble__ps,JNJ
sp500_jnj_ensemble__ps_v4,SP500,ensemble__ps,JNJ
sp500_jnj_ensemble__ps_v8,SP500,ensemble__ps,JNJ
sp500_jnj_ensemble__ps_v5,SP500,ensemble__ps,JNJ
sp500_jnj_ensemble__ps_v10,SP500,ensemble__ps,JNJ
sp500_jnj_ensemble__ps_v2,SP500,ensemble__ps,JNJ
sp500_jnj_ensemble__ps_v7,SP500,ensemble__ps,JNJ
sp500_jnj_ensemble__ps,SP500,ensemble__ps,JNJ
sp500_jnj_ensemble__ps_v6,SP500,ensemble__ps,JNJ
sp500_jnj_ensemble__ps_v3,SP500,ensemble__ps,JNJ
sp500_jpm_ensemble__ps_v8,SP500,ensemble__ps,JPM
sp500_jpm_ensemble__ps_v2,SP500,ensemble__ps,JPM
sp500_jpm_ensemble__ps_v9,SP500,ensemble__ps,JPM
sp500_jpm_ensemble__ps_v7,SP500,ensemble__ps,JPM
sp500_jpm_ensemble__ps_v3,SP500,ensemble__ps,JPM
sp500_jpm_ensemble__ps_v6,SP500,ensemble__ps,JPM
sp500_jpm_ensemble__ps_v5,SP500,ensemble__ps,JPM
sp500_jpm_ensemble__ps,SP500,ensemble__ps,JPM
sp500_jpm_ensemble__ps_v4,SP500,ensemble__ps,JPM
sp500_jpm_ensemble__ps_v10,SP500,ensemble__ps,JPM
sp500_ko_ensemble__ps_v4,SP500,ensemble__ps,KO
sp500_ko_ensemble__ps_v7,SP500,ensemble__ps,KO
sp500_ko_ensemble__ps,SP500,ensemble__ps,KO
sp500_ko_ensemble__ps_v8,SP500,ensemble__ps,KO
sp500_ko_ensemble__ps_v3,SP500,ensemble__ps,KO
sp500_ko_ensemble__ps_v9,SP500,ensemble__ps,KO
sp500_ko_ensemble__ps_v2,SP500,ensemble__ps,KO
sp500_ko_ensemble__ps_v6,SP500,ensemble__ps,KO
sp500_ko_ensemble__ps_v10,SP500,ensemble__ps,KO
sp500_ko_ensemble__ps_v5,SP500,ensemble__ps,KO
sp500_ma_ensemble__ps_v7,SP500,ensemble__ps,MA
sp500_ma_ensemble__ps_v4,SP500,ensemble__ps,MA
sp500_ma_ensemble__ps_v2,SP500,ensemble__ps,MA
sp500_ma_ensemble__ps,SP500,ensemble__ps,MA
sp500_ma_ensemble__ps_v6,SP500,ensemble__ps,MA
sp500_ma_ensemble__ps_v3,SP500,ensemble__ps,MA
sp500_ma_ensemble__ps_v10,SP500,ensemble__ps,MA
sp500_ma_ensemble__ps_v9,SP500,ensemble__ps,MA
sp500_ma_ensemble__ps_v8,SP500,ensemble__ps,MA
sp500_ma_ensemble__ps_v5,SP500,ensemble__ps,MA
sp500_pfe_ensemble__ps_v4,SP500,ensemble__ps,PFE
sp500_pfe_ensemble__ps_v5,SP500,ensemble__ps,PFE
sp500_pfe_ensemble__ps_v10,SP500,ensemble__ps,PFE
sp500_pfe_ensemble__ps_v2,SP500,ensemble__ps,PFE
sp500_pg_ensemble__ps,SP500,ensemble__ps,PG
sp500_pg_ensemble__ps_v5,SP500,ensemble__ps,PG
sp500_pg_ensemble__ps_v10,SP500,ensemble__ps,PG
sp500_pg_ensemble__ps_v4,SP500,ensemble__ps,PG
sp500_pg_ensemble__ps_v8,SP500,ensemble__ps,PG
sp500_pg_ensemble__ps_v7,SP500,ensemble__ps,PG
sp500_pg_ensemble__ps_v6,SP500,ensemble__ps,PG
sp500_pg_ensemble__ps_v2,SP500,ensemble__ps,PG
sp500_pg_ensemble__ps_v3,SP500,ensemble__ps,PG
sp500_qqq_ensemble__ps_v7,SP500,ensemble__ps,QQQ
sp500_qqq_ensemble__ps_v4,SP500,ensemble__ps,QQQ
sp500_qqq_ensemble__ps,SP500,ensemble__ps,QQQ
sp500_qqq_ensemble__ps_v10,SP500,ensemble__ps,QQQ
sp500_qqq_ensemble__ps_v6,SP500,ensemble__ps,QQQ
sp500_qqq_ensemble__ps_v2,SP500,ensemble__ps,QQQ
sp500_qqq_ensemble__ps_v8,SP500,ensemble__ps,QQQ
sp500_qqq_ensemble__ps_v5,SP500,ensemble__ps,QQQ
sp500_spy_ensemble__ps_v8,SP500,ensemble__ps,SPY
sp500_spy_ensemble__ps_v4,SP500,ensemble__ps,SPY
sp500_spy_ensemble__ps_v6,SP500,ensemble__ps,SPY
sp500_spy_ensemble__ps_v3,SP500,ensemble__ps,SPY
sp500_spy_ensemble__ps_v5,SP500,ensemble__ps,SPY
sp500_spy_ensemble__ps_v9,SP500,ensemble__ps,SPY
sp500_spy_ensemble__ps_v2,SP500,ensemble__ps,SPY
sp500_spy_ensemble__ps_v7,SP500,ensemble__ps,SPY
sp500_spy_ensemble__ps,SP500,ensemble__ps,SPY
sp500_spy_ensemble__ps_v10,SP500,ensemble__ps,SPY
sp500_unh_ensemble__ps_v8,SP500,ensemble__ps,UNH
sp500_unh_ensemble__ps_v9,SP500,ensemble__ps,UNH
sp500_unh_ensemble__ps_v6,SP500,ensemble__ps,UNH
sp500_unh_ensemble__ps_v5,SP500,ensemble__ps,UNH
sp500_unh_ensemble__ps_v4,SP500,ensemble__ps,UNH
sp500_unh_ensemble__ps_v2,SP500,ensemble__ps,UNH
sp500_unh_ensemble__ps_v10,SP500,ensemble__ps,UNH
sp500_unh_ensemble__ps_v3,SP500,ensemble__ps,UNH
sp500_unh_ensemble__ps_v7,SP500,ensemble__ps,UNH
sp500_unh_ensemble__ps,SP500,ensemble__ps,UNH
sp500_v_ensemble__ps,SP500,ensemble__ps,V
sp500_v_ensemble__ps_v8,SP500,ensemble__ps,V
sp500_v_ensemble__ps_v2,SP500,ensemble__ps,V
sp500_v_ensemble__ps_v10,SP500,ensemble__ps,V
sp500_v_ensemble__ps_v4,SP500,ensemble__ps,V
sp500_v_ensemble__ps_v3,SP500,ensemble__ps,V
sp500_v_ensemble__ps_v9,SP500,ensemble__ps,V
sp500_v_ensemble__ps_v5,SP500,ensemble__ps,V
sp500_v_ensemble__ps_v6,SP500,ensemble__ps,V
sp500_v_ensemble__ps_v7,SP500,ensemble__ps,V
sp500_wmt_ensemble__ps_v10,SP500,ensemble__ps,WMT
sp500_wmt_ensemble__ps_v3,SP500,ensemble__ps,WMT
sp500_wmt_ensemble__ps_v4,SP500,ensemble__ps,WMT
sp500_wmt_ensemble__ps_v5,SP500,ensemble__ps,WMT
sp500_wmt_ensemble__ps_v6,SP500,ensemble__ps,WMT
sp500_wmt_ensemble__ps,SP500,ensemble__ps,WMT
sp500_wmt_ensemble__ps_v8,SP500,ensemble__ps,WMT
sp500_wmt_ensemble__ps_v2,SP500,ensemble__ps,WMT
sp500_wmt_ensemble__ps_v7,SP500,ensemble__ps,WMT
sp500_xom_ensemble__ps_v4,SP500,ensemble__ps,XOM
sp500_xom_ensemble__ps_v7,SP500,ensemble__ps,XOM
sp500_xom_ensemble__ps_v9,SP500,ensemble__ps,XOM
sp500_xom_ensemble__ps_v10,SP500,ensemble__ps,XOM
sp500_xom_ensemble__ps_v5,SP500,ensemble__ps,XOM
sp500_xom_ensemble__ps,SP500,ensemble__ps,XOM
sp500_xom_ensemble__ps_v8,SP500,ensemble__ps,XOM
sp500_xom_ensemble__ps_v6,SP500,ensemble__ps,XOM
sp500_xom_ensemble__ps_v2,SP500,ensemble__ps,XOM
sp500_xom_ensemble__ps_v3,SP500,ensemble__ps,XOM
sp500_bac_gru_nn__ps_v10,SP500,gru_nn__ps,BAC
sp500_bac_gru_nn__ps_v5,SP500,gru_nn__ps,BAC
sp500_bac_gru_nn__ps_v2,SP500,gru_nn__ps,BAC
sp500_bac_gru_nn__ps_v4,SP500,gru_nn__ps,BAC
sp500_bac_gru_nn__ps_v6,SP500,gru_nn__ps,BAC
sp500_bac_gru_nn__ps_v7,SP500,gru_nn__ps,BAC
sp500_bac_gru_nn__ps,SP500,gru_nn__ps,BAC
sp500_bac_gru_nn__ps_v3,SP500,gru_nn__ps,BAC
sp500_bac_gru_nn__ps_v9,SP500,gru_nn__ps,BAC
sp500_bac_gru_nn__ps_v8,SP500,gru_nn__ps,BAC
sp500_cvx_gru_nn__ps_v4,SP500,gru_nn__ps,CVX
sp500_gs_gru_nn__ps_v5,SP500,gru_nn__ps,GS
sp500_gs_gru_nn__ps_v9,SP500,gru_nn__ps,GS
sp500_gs_gru_nn__ps_v8,SP500,gru_nn__ps,GS
sp500_gs_gru_nn__ps_v6,SP500,gru_nn__ps,GS
sp500_gs_gru_nn__ps_v3,SP500,gru_nn__ps,GS
sp500_gs_gru_nn__ps_v10,SP500,gru_nn__ps,GS
sp500_gs_gru_nn__ps_v2,SP500,gru_nn__ps,GS
sp500_gs_gru_nn__ps_v7,SP500,gru_nn__ps,GS
sp500_gs_gru_nn__ps_v4,SP500,gru_nn__ps,GS
sp500_gs_gru_nn__ps,SP500,gru_nn__ps,GS
sp500_jnj_gru_nn__ps_v5,SP500,gru_nn__ps,JNJ
sp500_jnj_gru_nn__ps_v2,SP500,gru_nn__ps,JNJ
sp500_jnj_gru_nn__ps_v8,SP500,gru_nn__ps,JNJ
sp500_jnj_gru_nn__ps_v4,SP500,gru_nn__ps,JNJ
sp500_jnj_gru_nn__ps_v6,SP500,gru_nn__ps,JNJ
sp500_jnj_gru_nn__ps_v10,SP500,gru_nn__ps,JNJ
sp500_jnj_gru_nn__ps_v9,SP500,gru_nn__ps,JNJ
sp500_jnj_gru_nn__ps_v3,SP500,gru_nn__ps,JNJ
sp500_jnj_gru_nn__ps,SP500,gru_nn__ps,JNJ
sp500_jnj_gru_nn__ps_v7,SP500,gru_nn__ps,JNJ
sp500_jpm_gru_nn__ps_v2,SP500,gru_nn__ps,JPM
sp500_jpm_gru_nn__ps_v7,SP500,gru_nn__ps,JPM
sp500_jpm_gru_nn__ps_v3,SP500,gru_nn__ps,JPM
sp500_jpm_gru_nn__ps,SP500,gru_nn__ps,JPM
sp500_jpm_gru_nn__ps_v4,SP500,gru_nn__ps,JPM
sp500_jpm_gru_nn__ps_v10,SP500,gru_nn__ps,JPM
sp500_jpm_gru_nn__ps_v6,SP500,gru_nn__ps,JPM
sp500_jpm_gru_nn__ps_v8,SP500,gru_nn__ps,JPM
sp500_jpm_gru_nn__ps_v9,SP500,gru_nn__ps,JPM
sp500_jpm_gru_nn__ps_v5,SP500,gru_nn__ps,JPM
sp500_ko_gru_nn__ps_v4,SP500,gru_nn__ps,KO
sp500_ko_gru_nn__ps_v10,SP500,gru_nn__ps,KO
sp500_ma_gru_nn__ps_v5,SP500,gru_nn__ps,MA
sp500_ma_gru_nn__ps_v3,SP500,gru_nn__ps,MA
sp500_ma_gru_nn__ps_v7,SP500,gru_nn__ps,MA
sp500_ma_gru_nn__ps_v4,SP500,gru_nn__ps,MA
sp500_ma_gru_nn__ps,SP500,gru_nn__ps,MA
sp500_ma_gru_nn__ps_v10,SP500,gru_nn__ps,MA
sp500_ma_gru_nn__ps_v9,SP500,gru_nn__ps,MA
sp500_ma_gru_nn__ps_v2,SP500,gru_nn__ps,MA
sp500_ma_gru_nn__ps_v8,SP500,gru_nn__ps,MA
sp500_ma_gru_nn__ps_v6,SP500,gru_nn__ps,MA
sp500_pfe_gru_nn__ps_v4,SP500,gru_nn__ps,PFE
sp500_pg_gru_nn__ps_v4,SP500,gru_nn__ps,PG
sp500_qqq_gru_nn__ps_v6,SP500,gru_nn__ps,QQQ
sp500_qqq_gru_nn__ps_v4,SP500,gru_nn__ps,QQQ
sp500_qqq_gru_nn__ps_v10,SP500,gru_nn__ps,QQQ
sp500_qqq_gru_nn__ps_v9,SP500,gru_nn__ps,QQQ
sp500_qqq_gru_nn__ps_v5,SP500,gru_nn__ps,QQQ
sp500_qqq_gru_nn__ps_v7,SP500,gru_nn__ps,QQQ
sp500_qqq_gru_nn__ps,SP500,gru_nn__ps,QQQ
sp500_qqq_gru_nn__ps_v2,SP500,gru_nn__ps,QQQ
sp500_qqq_gru_nn__ps_v3,SP500,gru_nn__ps,QQQ
sp500_qqq_gru_nn__ps_v8,SP500,gru_nn__ps,QQQ
sp500_spy_gru_nn__ps_v9,SP500,gru_nn__ps,SPY
sp500_spy_gru_nn__ps_v2,SP500,gru_nn__ps,SPY
sp500_spy_gru_nn__ps_v3,SP500,gru_nn__ps,SPY
sp500_spy_gru_nn__ps_v5,SP500,gru_nn__ps,SPY
sp500_spy_gru_nn__ps_v4,SP500,gru_nn__ps,SPY
sp500_spy_gru_nn__ps,SP500,gru_nn__ps,SPY
sp500_spy_gru_nn__ps_v7,SP500,gru_nn__ps,SPY
sp500_spy_gru_nn__ps_v6,SP500,gru_nn__ps,SPY
sp500_spy_gru_nn__ps_v10,SP500,gru_nn__ps,SPY
sp500_spy_gru_nn__ps_v8,SP500,gru_nn__ps,SPY
sp500_unh_gru_nn__ps,SP500,gru_nn__ps,UNH
sp500_unh_gru_nn__ps_v8,SP500,gru_nn__ps,UNH
sp500_unh_gru_nn__ps_v6,SP500,gru_nn__ps,UNH
sp500_unh_gru_nn__ps_v2,SP500,gru_nn__ps,UNH
sp500_unh_gru_nn__ps_v9,SP500,gru_nn__ps,UNH
sp500_unh_gru_nn__ps_v5,SP500,gru_nn__ps,UNH
sp500_unh_gru_nn__ps_v4,SP500,gru_nn__ps,UNH
sp500_unh_gru_nn__ps_v10,SP500,gru_nn__ps,UNH
sp500_unh_gru_nn__ps_v3,SP500,gru_nn__ps,UNH
sp500_unh_gru_nn__ps_v7,SP500,gru_nn__ps,UNH
sp500_v_gru_nn__ps_v4,SP500,gru_nn__ps,V
sp500_v_gru_nn__ps_v8,SP500,gru_nn__ps,V
sp500_v_gru_nn__ps_v7,SP500,gru_nn__ps,V
sp500_v_gru_nn__ps_v10,SP500,gru_nn__ps,V
sp500_v_gru_nn__ps_v3,SP500,gru_nn__ps,V
sp500_v_gru_nn__ps_v6,SP500,gru_nn__ps,V
sp500_v_gru_nn__ps_v5,SP500,gru_nn__ps,V
sp500_v_gru_nn__ps_v2,SP500,gru_nn__ps,V
sp500_v_gru_nn__ps_v9,SP500,gru_nn__ps,V
sp500_v_gru_nn__ps,SP500,gru_nn__ps,V
sp500_wmt_gru_nn__ps_v4,SP500,gru_nn__ps,WMT
sp500_xom_gru_nn__ps_v4,SP500,gru_nn__ps,XOM
sp500_lightgbm_v4,SP500,lightgbm,
sp500_lightgbm_v2,SP500,lightgbm,
sp500_lightgbm_v5,SP500,lightgbm,
sp500_lightgbm_v10,SP500,lightgbm,
sp500_bac_lightgbm__ps_v3,SP500,lightgbm__ps,BAC
sp500_bac_lightgbm__ps_v9,SP500,lightgbm__ps,BAC
sp500_bac_lightgbm__ps,SP500,lightgbm__ps,BAC
sp500_bac_lightgbm__ps_v2,SP500,lightgbm__ps,BAC
sp500_bac_lightgbm__ps_v8,SP500,lightgbm__ps,BAC
sp500_bac_lightgbm__ps_v4,SP500,lightgbm__ps,BAC
sp500_bac_lightgbm__ps_v5,SP500,lightgbm__ps,BAC
sp500_bac_lightgbm__ps_v10,SP500,lightgbm__ps,BAC
sp500_bac_lightgbm__ps_v6,SP500,lightgbm__ps,BAC
sp500_bac_lightgbm__ps_v7,SP500,lightgbm__ps,BAC
sp500_cvx_lightgbm__ps_v8,SP500,lightgbm__ps,CVX
sp500_cvx_lightgbm__ps_v5,SP500,lightgbm__ps,CVX
sp500_cvx_lightgbm__ps,SP500,lightgbm__ps,CVX
sp500_cvx_lightgbm__ps_v2,SP500,lightgbm__ps,CVX
sp500_cvx_lightgbm__ps_v6,SP500,lightgbm__ps,CVX
sp500_cvx_lightgbm__ps_v7,SP500,lightgbm__ps,CVX
sp500_cvx_lightgbm__ps_v10,SP500,lightgbm__ps,CVX
sp500_cvx_lightgbm__ps_v4,SP500,lightgbm__ps,CVX
sp500_cvx_lightgbm__ps_v3,SP500,lightgbm__ps,CVX
sp500_gs_lightgbm__ps_v4,SP500,lightgbm__ps,GS
sp500_gs_lightgbm__ps_v10,SP500,lightgbm__ps,GS
sp500_gs_lightgbm__ps_v5,SP500,lightgbm__ps,GS
sp500_gs_lightgbm__ps_v2,SP500,lightgbm__ps,GS
sp500_jnj_lightgbm__ps_v6,SP500,lightgbm__ps,JNJ
sp500_jnj_lightgbm__ps,SP500,lightgbm__ps,JNJ
sp500_jnj_lightgbm__ps_v3,SP500,lightgbm__ps,JNJ
sp500_jnj_lightgbm__ps_v7,SP500,lightgbm__ps,JNJ
sp500_jnj_lightgbm__ps_v4,SP500,lightgbm__ps,JNJ
sp500_jnj_lightgbm__ps_v5,SP500,lightgbm__ps,JNJ
sp500_jnj_lightgbm__ps_v2,SP500,lightgbm__ps,JNJ
sp500_jnj_lightgbm__ps_v10,SP500,lightgbm__ps,JNJ
sp500_jnj_lightgbm__ps_v8,SP500,lightgbm__ps,JNJ
sp500_jpm_lightgbm__ps_v8,SP500,lightgbm__ps,JPM
sp500_jpm_lightgbm__ps_v5,SP500,lightgbm__ps,JPM
sp500_jpm_lightgbm__ps_v2,SP500,lightgbm__ps,JPM
sp500_jpm_lightgbm__ps_v4,SP500,lightgbm__ps,JPM
sp500_jpm_lightgbm__ps_v9,SP500,lightgbm__ps,JPM
sp500_jpm_lightgbm__ps_v6,SP500,lightgbm__ps,JPM
sp500_jpm_lightgbm__ps,SP500,lightgbm__ps,JPM
sp500_jpm_lightgbm__ps_v7,SP500,lightgbm__ps,JPM
sp500_jpm_lightgbm__ps_v3,SP500,lightgbm__ps,JPM
sp500_jpm_lightgbm__ps_v10,SP500,lightgbm__ps,JPM
sp500_ko_lightgbm__ps_v5,SP500,lightgbm__ps,KO
sp500_ko_lightgbm__ps_v10,SP500,lightgbm__ps,KO
sp500_ko_lightgbm__ps_v4,SP500,lightgbm__ps,KO
sp500_ko_lightgbm__ps,SP500,lightgbm__ps,KO
sp500_ko_lightgbm__ps_v7,SP500,lightgbm__ps,KO
sp500_ko_lightgbm__ps_v6,SP500,lightgbm__ps,KO
sp500_ko_lightgbm__ps_v2,SP500,lightgbm__ps,KO
sp500_ko_lightgbm__ps_v8,SP500,lightgbm__ps,KO
sp500_ma_lightgbm__ps_v10,SP500,lightgbm__ps,MA
sp500_ma_lightgbm__ps_v8,SP500,lightgbm__ps,MA
sp500_ma_lightgbm__ps_v4,SP500,lightgbm__ps,MA
sp500_ma_lightgbm__ps_v5,SP500,lightgbm__ps,MA
sp500_ma_lightgbm__ps_v2,SP500,lightgbm__ps,MA
sp500_pfe_lightgbm__ps,SP500,lightgbm__ps,PFE
sp500_pfe_lightgbm__ps_v2,SP500,lightgbm__ps,PFE
sp500_pfe_lightgbm__ps_v6,SP500,lightgbm__ps,PFE
sp500_pfe_lightgbm__ps_v9,SP500,lightgbm__ps,PFE
sp500_pfe_lightgbm__ps_v8,SP500,lightgbm__ps,PFE
sp500_pfe_lightgbm__ps_v10,SP500,lightgbm__ps,PFE
sp500_pfe_lightgbm__ps_v5,SP500,lightgbm__ps,PFE
sp500_pfe_lightgbm__ps_v7,SP500,lightgbm__ps,PFE
sp500_pfe_lightgbm__ps_v4,SP500,lightgbm__ps,PFE
sp500_pfe_lightgbm__ps_v3,SP500,lightgbm__ps,PFE
sp500_pg_lightgbm__ps_v5,SP500,lightgbm__ps,PG
sp500_pg_lightgbm__ps_v2,SP500,lightgbm__ps,PG
sp500_pg_lightgbm__ps_v9,SP500,lightgbm__ps,PG
sp500_pg_lightgbm__ps_v8,SP500,lightgbm__ps,PG
sp500_pg_lightgbm__ps_v4,SP500,lightgbm__ps,PG
sp500_pg_lightgbm__ps,SP500,lightgbm__ps,PG
sp500_pg_lightgbm__ps_v6,SP500,lightgbm__ps,PG
sp500_pg_lightgbm__ps_v7,SP500,lightgbm__ps,PG
sp500_pg_lightgbm__ps_v3,SP500,lightgbm__ps,PG
sp500_pg_lightgbm__ps_v10,SP500,lightgbm__ps,PG
sp500_qqq_lightgbm__ps_v10,SP500,lightgbm__ps,QQQ
sp500_qqq_lightgbm__ps_v5,SP500,lightgbm__ps,QQQ
sp500_qqq_lightgbm__ps_v8,SP500,lightgbm__ps,QQQ
sp500_qqq_lightgbm__ps_v2,SP500,lightgbm__ps,QQQ
sp500_qqq_lightgbm__ps_v4,SP500,lightgbm__ps,QQQ
sp500_spy_lightgbm__ps_v10,SP500,lightgbm__ps,SPY
sp500_spy_lightgbm__ps_v4,SP500,lightgbm__ps,SPY
sp500_spy_lightgbm__ps_v8,SP500,lightgbm__ps,SPY
sp500_spy_lightgbm__ps_v2,SP500,lightgbm__ps,SPY
sp500_spy_lightgbm__ps_v5,SP500,lightgbm__ps,SPY
sp500_unh_lightgbm__ps_v3,SP500,lightgbm__ps,UNH
sp500_unh_lightgbm__ps,SP500,lightgbm__ps,UNH
sp500_unh_lightgbm__ps_v10,SP500,lightgbm__ps,UNH
sp500_unh_lightgbm__ps_v6,SP500,lightgbm__ps,UNH
sp500_unh_lightgbm__ps_v7,SP500,lightgbm__ps,UNH
sp500_unh_lightgbm__ps_v9,SP500,lightgbm__ps,UNH
sp500_unh_lightgbm__ps_v5,SP500,lightgbm__ps,UNH
sp500_unh_lightgbm__ps_v2,SP500,lightgbm__ps,UNH
sp500_unh_lightgbm__ps_v4,SP500,lightgbm__ps,UNH
sp500_unh_lightgbm__ps_v8,SP500,lightgbm__ps,UNH
sp500_v_lightgbm__ps_v8,SP500,lightgbm__ps,V
sp500_v_lightgbm__ps_v10,SP500,lightgbm__ps,V
sp500_v_lightgbm__ps_v5,SP500,lightgbm__ps,V
sp500_v_lightgbm__ps_v4,SP500,lightgbm__ps,V
sp500_v_lightgbm__ps_v2,SP500,lightgbm__ps,V
sp500_wmt_lightgbm__ps_v10,SP500,lightgbm__ps,WMT
sp500_wmt_lightgbm__ps_v7,SP500,lightgbm__ps,WMT
sp500_wmt_lightgbm__ps_v4,SP500,lightgbm__ps,WMT
sp500_wmt_lightgbm__ps_v2,SP500,lightgbm__ps,WMT
sp500_wmt_lightgbm__ps_v8,SP500,lightgbm__ps,WMT
sp500_wmt_lightgbm__ps_v6,SP500,lightgbm__ps,WMT
sp500_wmt_lightgbm__ps,SP500,lightgbm__ps,WMT
sp500_wmt_lightgbm__ps_v5,SP500,lightgbm__ps,WMT
sp500_xom_lightgbm__ps_v2,SP500,lightgbm__ps,XOM
sp500_xom_lightgbm__ps_v10,SP500,lightgbm__ps,XOM
sp500_xom_lightgbm__ps_v8,SP500,lightgbm__ps,XOM
sp500_xom_lightgbm__ps_v5,SP500,lightgbm__ps,XOM
sp500_xom_lightgbm__ps_v4,SP500,lightgbm__ps,XOM
sp500_bac_lstm_nn__ps,SP500,lstm_nn__ps,BAC
sp500_bac_lstm_nn__ps_v10,SP500,lstm_nn__ps,BAC
sp500_bac_lstm_nn__ps_v5,SP500,lstm_nn__ps,BAC
sp500_bac_lstm_nn__ps_v7,SP500,lstm_nn__ps,BAC
sp500_bac_lstm_nn__ps_v9,SP500,lstm_nn__ps,BAC
sp500_bac_lstm_nn__ps_v6,SP500,lstm_nn__ps,BAC
sp500_bac_lstm_nn__ps_v3,SP500,lstm_nn__ps,BAC
sp500_bac_lstm_nn__ps_v4,SP500,lstm_nn__ps,BAC
sp500_bac_lstm_nn__ps_v8,SP500,lstm_nn__ps,BAC
sp500_bac_lstm_nn__ps_v2,SP500,lstm_nn__ps,BAC
sp500_cvx_lstm_nn__ps_v4,SP500,lstm_nn__ps,CVX
sp500_gs_lstm_nn__ps,SP500,lstm_nn__ps,GS
sp500_gs_lstm_nn__ps_v4,SP500,lstm_nn__ps,GS
sp500_gs_lstm_nn__ps_v8,SP500,lstm_nn__ps,GS
sp500_gs_lstm_nn__ps_v3,SP500,lstm_nn__ps,GS
sp500_gs_lstm_nn__ps_v9,SP500,lstm_nn__ps,GS
sp500_gs_lstm_nn__ps_v6,SP500,lstm_nn__ps,GS
sp500_gs_lstm_nn__ps_v10,SP500,lstm_nn__ps,GS
sp500_gs_lstm_nn__ps_v5,SP500,lstm_nn__ps,GS
sp500_gs_lstm_nn__ps_v7,SP500,lstm_nn__ps,GS
sp500_gs_lstm_nn__ps_v2,SP500,lstm_nn__ps,GS
sp500_jnj_lstm_nn__ps_v3,SP500,lstm_nn__ps,JNJ
sp500_jnj_lstm_nn__ps_v7,SP500,lstm_nn__ps,JNJ
sp500_jnj_lstm_nn__ps_v5,SP500,lstm_nn__ps,JNJ
sp500_jnj_lstm_nn__ps_v4,SP500,lstm_nn__ps,JNJ
sp500_jnj_lstm_nn__ps_v6,SP500,lstm_nn__ps,JNJ
sp500_jnj_lstm_nn__ps,SP500,lstm_nn__ps,JNJ
sp500_jnj_lstm_nn__ps_v8,SP500,lstm_nn__ps,JNJ
sp500_jnj_lstm_nn__ps_v2,SP500,lstm_nn__ps,JNJ
sp500_jnj_lstm_nn__ps_v9,SP500,lstm_nn__ps,JNJ
sp500_jnj_lstm_nn__ps_v10,SP500,lstm_nn__ps,JNJ
sp500_jpm_lstm_nn__ps_v7,SP500,lstm_nn__ps,JPM
sp500_jpm_lstm_nn__ps_v9,SP500,lstm_nn__ps,JPM
sp500_jpm_lstm_nn__ps,SP500,lstm_nn__ps,JPM
sp500_jpm_lstm_nn__ps_v6,SP500,lstm_nn__ps,JPM
sp500_jpm_lstm_nn__ps_v3,SP500,lstm_nn__ps,JPM
sp500_jpm_lstm_nn__ps_v5,SP500,lstm_nn__ps,JPM
sp500_jpm_lstm_nn__ps_v4,SP500,lstm_nn__ps,JPM
sp500_jpm_lstm_nn__ps_v10,SP500,lstm_nn__ps,JPM
sp500_jpm_lstm_nn__ps_v2,SP500,lstm_nn__ps,JPM
sp500_jpm_lstm_nn__ps_v8,SP500,lstm_nn__ps,JPM
sp500_ko_lstm_nn__ps_v4,SP500,lstm_nn__ps,KO
sp500_ma_lstm_nn__ps_v10,SP500,lstm_nn__ps,MA
sp500_ma_lstm_nn__ps_v5,SP500,lstm_nn__ps,MA
sp500_pfe_lstm_nn__ps_v4,SP500,lstm_nn__ps,PFE
sp500_pg_lstm_nn__ps_v4,SP500,lstm_nn__ps,PG
sp500_qqq_lstm_nn__ps_v5,SP500,lstm_nn__ps,QQQ
sp500_qqq_lstm_nn__ps_v3,SP500,lstm_nn__ps,QQQ
sp500_qqq_lstm_nn__ps_v4,SP500,lstm_nn__ps,QQQ
sp500_qqq_lstm_nn__ps_v10,SP500,lstm_nn__ps,QQQ
sp500_qqq_lstm_nn__ps_v6,SP500,lstm_nn__ps,QQQ
sp500_qqq_lstm_nn__ps_v2,SP500,lstm_nn__ps,QQQ
sp500_qqq_lstm_nn__ps_v9,SP500,lstm_nn__ps,QQQ
sp500_qqq_lstm_nn__ps_v8,SP500,lstm_nn__ps,QQQ
sp500_qqq_lstm_nn__ps,SP500,lstm_nn__ps,QQQ
sp500_qqq_lstm_nn__ps_v7,SP500,lstm_nn__ps,QQQ
sp500_spy_lstm_nn__ps,SP500,lstm_nn__ps,SPY
sp500_spy_lstm_nn__ps_v3,SP500,lstm_nn__ps,SPY
sp500_spy_lstm_nn__ps_v9,SP500,lstm_nn__ps,SPY
sp500_spy_lstm_nn__ps_v8,SP500,lstm_nn__ps,SPY
sp500_spy_lstm_nn__ps_v10,SP500,lstm_nn__ps,SPY
sp500_spy_lstm_nn__ps_v4,SP500,lstm_nn__ps,SPY
sp500_spy_lstm_nn__ps_v2,SP500,lstm_nn__ps,SPY
sp500_spy_lstm_nn__ps_v7,SP500,lstm_nn__ps,SPY
sp500_spy_lstm_nn__ps_v5,SP500,lstm_nn__ps,SPY
sp500_spy_lstm_nn__ps_v6,SP500,lstm_nn__ps,SPY
sp500_unh_lstm_nn__ps_v4,SP500,lstm_nn__ps,UNH
sp500_unh_lstm_nn__ps_v10,SP500,lstm_nn__ps,UNH
sp500_unh_lstm_nn__ps_v6,SP500,lstm_nn__ps,UNH
sp500_unh_lstm_nn__ps_v2,SP500,lstm_nn__ps,UNH
sp500_unh_lstm_nn__ps,SP500,lstm_nn__ps,UNH
sp500_unh_lstm_nn__ps_v9,SP500,lstm_nn__ps,UNH
sp500_unh_lstm_nn__ps_v8,SP500,lstm_nn__ps,UNH
sp500_unh_lstm_nn__ps_v3,SP500,lstm_nn__ps,UNH
sp500_unh_lstm_nn__ps_v5,SP500,lstm_nn__ps,UNH
sp500_unh_lstm_nn__ps_v7,SP500,lstm_nn__ps,UNH
sp500_v_lstm_nn__ps_v6,SP500,lstm_nn__ps,V
sp500_v_lstm_nn__ps_v5,SP500,lstm_nn__ps,V
sp500_v_lstm_nn__ps_v8,SP500,lstm_nn__ps,V
sp500_v_lstm_nn__ps_v10,SP500,lstm_nn__ps,V
sp500_v_lstm_nn__ps_v7,SP500,lstm_nn__ps,V
sp500_v_lstm_nn__ps,SP500,lstm_nn__ps,V
sp500_v_lstm_nn__ps_v9,SP500,lstm_nn__ps,V
sp500_v_lstm_nn__ps_v2,SP500,lstm_nn__ps,V
sp500_v_lstm_nn__ps_v4,SP500,lstm_nn__ps,V
sp500_v_lstm_nn__ps_v3,SP500,lstm_nn__ps,V
sp500_xom_lstm_nn__ps_v4,SP500,lstm_nn__ps,XOM
sp500_jnj_meta_stack__ps,SP500,meta_stack__ps,JNJ
sp500_ko_meta_stack__ps,SP500,meta_stack__ps,KO
sp500_ma_meta_stack__ps,SP500,meta_stack__ps,MA
sp500_qqq_meta_stack__ps,SP500,meta_stack__ps,QQQ
sp500_spy_meta_stack__ps,SP500,meta_stack__ps,SPY
sp500_v_meta_stack__ps,SP500,meta_stack__ps,V
sp500_moving_average_v10,SP500,moving_average,
sp500_moving_average_v5,SP500,moving_average,
sp500_bac_moving_average__ps_v10,SP500,moving_average__ps,BAC
sp500_bac_moving_average__ps_v8,SP500,moving_average__ps,BAC
sp500_bac_moving_average__ps_v2,SP500,moving_average__ps,BAC
sp500_bac_moving_average__ps_v5,SP500,moving_average__ps,BAC
sp500_cvx_moving_average__ps_v2,SP500,moving_average__ps,CVX
sp500_cvx_moving_average__ps_v4,SP500,moving_average__ps,CVX
sp500_cvx_moving_average__ps_v8,SP500,moving_average__ps,CVX
sp500_cvx_moving_average__ps_v6,SP500,moving_average__ps,CVX
sp500_cvx_moving_average__ps_v9,SP500,moving_average__ps,CVX
sp500_cvx_moving_average__ps_v10,SP500,moving_average__ps,CVX
sp500_cvx_moving_average__ps_v5,SP500,moving_average__ps,CVX
sp500_cvx_moving_average__ps_v3,SP500,moving_average__ps,CVX
sp500_cvx_moving_average__ps,SP500,moving_average__ps,CVX
sp500_cvx_moving_average__ps_v7,SP500,moving_average__ps,CVX
sp500_gs_moving_average__ps_v6,SP500,moving_average__ps,GS
sp500_gs_moving_average__ps_v4,SP500,moving_average__ps,GS
sp500_gs_moving_average__ps_v3,SP500,moving_average__ps,GS
sp500_gs_moving_average__ps_v7,SP500,moving_average__ps,GS
sp500_gs_moving_average__ps_v2,SP500,moving_average__ps,GS
sp500_gs_moving_average__ps_v8,SP500,moving_average__ps,GS
sp500_gs_moving_average__ps_v10,SP500,moving_average__ps,GS
sp500_gs_moving_average__ps,SP500,moving_average__ps,GS
sp500_gs_moving_average__ps_v5,SP500,moving_average__ps,GS
sp500_gs_moving_average__ps_v9,SP500,moving_average__ps,GS
sp500_jnj_moving_average__ps_v10,SP500,moving_average__ps,JNJ
sp500_jnj_moving_average__ps_v5,SP500,moving_average__ps,JNJ
sp500_jpm_moving_average__ps_v8,SP500,moving_average__ps,JPM
sp500_jpm_moving_average__ps_v9,SP500,moving_average__ps,JPM
sp500_jpm_moving_average__ps_v10,SP500,moving_average__ps,JPM
sp500_jpm_moving_average__ps_v3,SP500,moving_average__ps,JPM
sp500_jpm_moving_average__ps_v7,SP500,moving_average__ps,JPM
sp500_jpm_moving_average__ps_v4,SP500,moving_average__ps,JPM
sp500_jpm_moving_average__ps_v5,SP500,moving_average__ps,JPM
sp500_jpm_moving_average__ps,SP500,moving_average__ps,JPM
sp500_jpm_moving_average__ps_v2,SP500,moving_average__ps,JPM
sp500_jpm_moving_average__ps_v6,SP500,moving_average__ps,JPM
sp500_ko_moving_average__ps_v10,SP500,moving_average__ps,KO
sp500_ko_moving_average__ps_v8,SP500,moving_average__ps,KO
sp500_ko_moving_average__ps_v5,SP500,moving_average__ps,KO
sp500_ko_moving_average__ps_v4,SP500,moving_average__ps,KO
sp500_ko_moving_average__ps_v2,SP500,moving_average__ps,KO
sp500_ma_moving_average__ps_v2,SP500,moving_average__ps,MA
sp500_ma_moving_average__ps_v6,SP500,moving_average__ps,MA
sp500_ma_moving_average__ps_v7,SP500,moving_average__ps,MA
sp500_ma_moving_average__ps_v5,SP500,moving_average__ps,MA
sp500_ma_moving_average__ps_v8,SP500,moving_average__ps,MA
sp500_ma_moving_average__ps_v4,SP500,moving_average__ps,MA
sp500_ma_moving_average__ps,SP500,moving_average__ps,MA
sp500_ma_moving_average__ps_v10,SP500,moving_average__ps,MA
sp500_pfe_moving_average__ps_v2,SP500,moving_average__ps,PFE
sp500_pfe_moving_average__ps_v7,SP500,moving_average__ps,PFE
sp500_pfe_moving_average__ps_v6,SP500,moving_average__ps,PFE
sp500_pfe_moving_average__ps,SP500,moving_average__ps,PFE
sp500_pfe_moving_average__ps_v5,SP500,moving_average__ps,PFE
sp500_pfe_moving_average__ps_v4,SP500,moving_average__ps,PFE
sp500_pfe_moving_average__ps_v3,SP500,moving_average__ps,PFE
sp500_pfe_moving_average__ps_v9,SP500,moving_average__ps,PFE
sp500_pfe_moving_average__ps_v10,SP500,moving_average__ps,PFE
sp500_pfe_moving_average__ps_v8,SP500,moving_average__ps,PFE
sp500_pg_moving_average__ps_v7,SP500,moving_average__ps,PG
sp500_pg_moving_average__ps,SP500,moving_average__ps,PG
sp500_pg_moving_average__ps_v6,SP500,moving_average__ps,PG
sp500_pg_moving_average__ps_v8,SP500,moving_average__ps,PG
sp500_pg_moving_average__ps_v10,SP500,moving_average__ps,PG
sp500_pg_moving_average__ps_v4,SP500,moving_average__ps,PG
sp500_pg_moving_average__ps_v3,SP500,moving_average__ps,PG
sp500_pg_moving_average__ps_v5,SP500,moving_average__ps,PG
sp500_pg_moving_average__ps_v2,SP500,moving_average__ps,PG
sp500_pg_moving_average__ps_v9,SP500,moving_average__ps,PG
sp500_qqq_moving_average__ps_v9,SP500,moving_average__ps,QQQ
sp500_qqq_moving_average__ps_v2,SP500,moving_average__ps,QQQ
sp500_qqq_moving_average__ps_v7,SP500,moving_average__ps,QQQ
sp500_qqq_moving_average__ps_v3,SP500,moving_average__ps,QQQ
sp500_qqq_moving_average__ps_v8,SP500,moving_average__ps,QQQ
sp500_qqq_moving_average__ps_v5,SP500,moving_average__ps,QQQ
sp500_qqq_moving_average__ps_v4,SP500,moving_average__ps,QQQ
sp500_qqq_moving_average__ps_v10,SP500,moving_average__ps,QQQ
sp500_qqq_moving_average__ps_v6,SP500,moving_average__ps,QQQ
sp500_qqq_moving_average__ps,SP500,moving_average__ps,QQQ
sp500_spy_moving_average__ps,SP500,moving_average__ps,SPY
sp500_spy_moving_average__ps_v9,SP500,moving_average__ps,SPY
sp500_spy_moving_average__ps_v7,SP500,moving_average__ps,SPY
sp500_spy_moving_average__ps_v5,SP500,moving_average__ps,SPY
sp500_spy_moving_average__ps_v10,SP500,moving_average__ps,SPY
sp500_spy_moving_average__ps_v8,SP500,moving_average__ps,SPY
sp500_spy_moving_average__ps_v4,SP500,moving_average__ps,SPY
sp500_spy_moving_average__ps_v6,SP500,moving_average__ps,SPY
sp500_spy_moving_average__ps_v2,SP500,moving_average__ps,SPY
sp500_spy_moving_average__ps_v3,SP500,moving_average__ps,SPY
sp500_unh_moving_average__ps_v10,SP500,moving_average__ps,UNH
sp500_unh_moving_average__ps_v5,SP500,moving_average__ps,UNH
sp500_unh_moving_average__ps_v2,SP500,moving_average__ps,UNH
sp500_unh_moving_average__ps_v8,SP500,moving_average__ps,UNH
sp500_v_moving_average__ps_v2,SP500,moving_average__ps,V
sp500_v_moving_average__ps_v4,SP500,moving_average__ps,V
sp500_v_moving_average__ps_v5,SP500,moving_average__ps,V
sp500_v_moving_average__ps_v10,SP500,moving_average__ps,V
sp500_v_moving_average__ps_v7,SP500,moving_average__ps,V
sp500_v_moving_average__ps,SP500,moving_average__ps,V
sp500_v_moving_average__ps_v6,SP500,moving_average__ps,V
sp500_v_moving_average__ps_v8,SP500,moving_average__ps,V
sp500_wmt_moving_average__ps_v2,SP500,moving_average__ps,WMT
sp500_wmt_moving_average__ps_v7,SP500,moving_average__ps,WMT
sp500_wmt_moving_average__ps_v5,SP500,moving_average__ps,WMT
sp500_wmt_moving_average__ps_v6,SP500,moving_average__ps,WMT
sp500_wmt_moving_average__ps,SP500,moving_average__ps,WMT
sp500_wmt_moving_average__ps_v4,SP500,moving_average__ps,WMT
sp500_wmt_moving_average__ps_v8,SP500,moving_average__ps,WMT
sp500_wmt_moving_average__ps_v3,SP500,moving_average__ps,WMT
sp500_wmt_moving_average__ps_v9,SP500,moving_average__ps,WMT
sp500_wmt_moving_average__ps_v10,SP500,moving_average__ps,WMT
sp500_xom_moving_average__ps_v9,SP500,moving_average__ps,XOM
sp500_xom_moving_average__ps_v4,SP500,moving_average__ps,XOM
sp500_xom_moving_average__ps_v5,SP500,moving_average__ps,XOM
sp500_xom_moving_average__ps_v3,SP500,moving_average__ps,XOM
sp500_xom_moving_average__ps_v2,SP500,moving_average__ps,XOM
sp500_xom_moving_average__ps_v10,SP500,moving_average__ps,XOM
sp500_xom_moving_average__ps_v7,SP500,moving_average__ps,XOM
sp500_xom_moving_average__ps_v8,SP500,moving_average__ps,XOM
sp500_xom_moving_average__ps_v6,SP500,moving_average__ps,XOM
sp500_xom_moving_average__ps,SP500,moving_average__ps,XOM
sp500_random_forest_v5,SP500,random_forest,
sp500_random_forest_v4,SP500,random_forest,
sp500_random_forest_v10,SP500,random_forest,
sp500_random_forest_v2,SP500,random_forest,
sp500_random_forest_v8,SP500,random_forest,
sp500_bac_random_forest__ps_v9,SP500,random_forest__ps,BAC
sp500_bac_random_forest__ps_v3,SP500,random_forest__ps,BAC
sp500_bac_random_forest__ps_v8,SP500,random_forest__ps,BAC
sp500_bac_random_forest__ps_v2,SP500,random_forest__ps,BAC
sp500_bac_random_forest__ps_v5,SP500,random_forest__ps,BAC
sp500_bac_random_forest__ps_v7,SP500,random_forest__ps,BAC
sp500_bac_random_forest__ps,SP500,random_forest__ps,BAC
sp500_bac_random_forest__ps_v10,SP500,random_forest__ps,BAC
sp500_bac_random_forest__ps_v6,SP500,random_forest__ps,BAC
sp500_bac_random_forest__ps_v4,SP500,random_forest__ps,BAC
sp500_cvx_random_forest__ps_v3,SP500,random_forest__ps,CVX
sp500_cvx_random_forest__ps,SP500,random_forest__ps,CVX
sp500_cvx_random_forest__ps_v4,SP500,random_forest__ps,CVX
sp500_cvx_random_forest__ps_v5,SP500,random_forest__ps,CVX
sp500_cvx_random_forest__ps_v7,SP500,random_forest__ps,CVX
sp500_cvx_random_forest__ps_v8,SP500,random_forest__ps,CVX
sp500_cvx_random_forest__ps_v10,SP500,random_forest__ps,CVX
sp500_cvx_random_forest__ps_v6,SP500,random_forest__ps,CVX
sp500_cvx_random_forest__ps_v2,SP500,random_forest__ps,CVX
sp500_cvx_random_forest__ps_v9,SP500,random_forest__ps,CVX
sp500_gs_random_forest__ps_v8,SP500,random_forest__ps,GS
sp500_gs_random_forest__ps_v5,SP500,random_forest__ps,GS
sp500_gs_random_forest__ps_v2,SP500,random_forest__ps,GS
sp500_gs_random_forest__ps_v10,SP500,random_forest__ps,GS
sp500_gs_random_forest__ps_v4,SP500,random_forest__ps,GS
sp500_jnj_random_forest__ps_v4,SP500,random_forest__ps,JNJ
sp500_jnj_random_forest__ps_v7,SP500,random_forest__ps,JNJ
sp500_jnj_random_forest__ps_v5,SP500,random_forest__ps,JNJ
sp500_jnj_random_forest__ps_v2,SP500,random_forest__ps,JNJ
sp500_jnj_random_forest__ps,SP500,random_forest__ps,JNJ
sp500_jnj_random_forest__ps_v10,SP500,random_forest__ps,JNJ
sp500_jnj_random_forest__ps_v6,SP500,random_forest__ps,JNJ
sp500_jnj_random_forest__ps_v8,SP500,random_forest__ps,JNJ
sp500_jpm_random_forest__ps_v10,SP500,random_forest__ps,JPM
sp500_jpm_random_forest__ps_v5,SP500,random_forest__ps,JPM
sp500_jpm_random_forest__ps,SP500,random_forest__ps,JPM
sp500_jpm_random_forest__ps_v8,SP500,random_forest__ps,JPM
sp500_jpm_random_forest__ps_v6,SP500,random_forest__ps,JPM
sp500_jpm_random_forest__ps_v7,SP500,random_forest__ps,JPM
sp500_jpm_random_forest__ps_v4,SP500,random_forest__ps,JPM
sp500_jpm_random_forest__ps_v2,SP500,random_forest__ps,JPM
sp500_ko_random_forest__ps_v4,SP500,random_forest__ps,KO
sp500_ko_random_forest__ps,SP500,random_forest__ps,KO
sp500_ko_random_forest__ps_v8,SP500,random_forest__ps,KO
sp500_ko_random_forest__ps_v6,SP500,random_forest__ps,KO
sp500_ko_random_forest__ps_v7,SP500,random_forest__ps,KO
sp500_ko_random_forest__ps_v3,SP500,random_forest__ps,KO
sp500_ko_random_forest__ps_v10,SP500,random_forest__ps,KO
sp500_ko_random_forest__ps_v5,SP500,random_forest__ps,KO
sp500_ko_random_forest__ps_v2,SP500,random_forest__ps,KO
sp500_ma_random_forest__ps_v3,SP500,random_forest__ps,MA
sp500_ma_random_forest__ps_v4,SP500,random_forest__ps,MA
sp500_ma_random_forest__ps_v9,SP500,random_forest__ps,MA
sp500_ma_random_forest__ps_v2,SP500,random_forest__ps,MA
sp500_ma_random_forest__ps_v6,SP500,random_forest__ps,MA
sp500_ma_random_forest__ps_v7,SP500,random_forest__ps,MA
sp500_ma_random_forest__ps_v10,SP500,random_forest__ps,MA
sp500_ma_random_forest__ps,SP500,random_forest__ps,MA
sp500_ma_random_forest__ps_v8,SP500,random_forest__ps,MA
sp500_ma_random_forest__ps_v5,SP500,random_forest__ps,MA
sp500_pfe_random_forest__ps,SP500,random_forest__ps,PFE
sp500_pfe_random_forest__ps_v7,SP500,random_forest__ps,PFE
sp500_pfe_random_forest__ps_v4,SP500,random_forest__ps,PFE
sp500_pfe_random_forest__ps_v8,SP500,random_forest__ps,PFE
sp500_pfe_random_forest__ps_v2,SP500,random_forest__ps,PFE
sp500_pfe_random_forest__ps_v5,SP500,random_forest__ps,PFE
sp500_pfe_random_forest__ps_v10,SP500,random_forest__ps,PFE
sp500_pfe_random_forest__ps_v6,SP500,random_forest__ps,PFE
sp500_pg_random_forest__ps_v6,SP500,random_forest__ps,PG
sp500_pg_random_forest__ps_v8,SP500,random_forest__ps,PG
sp500_pg_random_forest__ps_v9,SP500,random_forest__ps,PG
sp500_pg_random_forest__ps,SP500,random_forest__ps,PG
sp500_pg_random_forest__ps_v2,SP500,random_forest__ps,PG
sp500_pg_random_forest__ps_v10,SP500,random_forest__ps,PG
sp500_pg_random_forest__ps_v7,SP500,random_forest__ps,PG
sp500_pg_random_forest__ps_v4,SP500,random_forest__ps,PG
sp500_pg_random_forest__ps_v5,SP500,random_forest__ps,PG
sp500_pg_random_forest__ps_v3,SP500,random_forest__ps,PG
sp500_qqq_random_forest__ps_v6,SP500,random_forest__ps,QQQ
sp500_qqq_random_forest__ps_v8,SP500,random_forest__ps,QQQ
sp500_qqq_random_forest__ps_v10,SP500,random_forest__ps,QQQ
sp500_qqq_random_forest__ps_v2,SP500,random_forest__ps,QQQ
sp500_qqq_random_forest__ps_v7,SP500,random_forest__ps,QQQ
sp500_qqq_random_forest__ps_v4,SP500,random_forest__ps,QQQ
sp500_qqq_random_forest__ps,SP500,random_forest__ps,QQQ
sp500_qqq_random_forest__ps_v5,SP500,random_forest__ps,QQQ
sp500_spy_random_forest__ps_v3,SP500,random_forest__ps,SPY
sp500_spy_random_forest__ps,SP500,random_forest__ps,SPY
sp500_spy_random_forest__ps_v8,SP500,random_forest__ps,SPY
sp500_spy_random_forest__ps_v4,SP500,random_forest__ps,SPY
sp500_spy_random_forest__ps_v6,SP500,random_forest__ps,SPY
sp500_spy_random_forest__ps_v10,SP500,random_forest__ps,SPY
sp500_spy_random_forest__ps_v9,SP500,random_forest__ps,SPY
sp500_spy_random_forest__ps_v7,SP500,random_forest__ps,SPY
sp500_spy_random_forest__ps_v5,SP500,random_forest__ps,SPY
sp500_spy_random_forest__ps_v2,SP500,random_forest__ps,SPY
sp500_unh_random_forest__ps_v5,SP500,random_forest__ps,UNH
sp500_unh_random_forest__ps_v6,SP500,random_forest__ps,UNH
sp500_unh_random_forest__ps,SP500,random_forest__ps,UNH
sp500_unh_random_forest__ps_v2,SP500,random_forest__ps,UNH
sp500_unh_random_forest__ps_v10,SP500,random_forest__ps,UNH
sp500_unh_random_forest__ps_v4,SP500,random_forest__ps,UNH
sp500_unh_random_forest__ps_v7,SP500,random_forest__ps,UNH
sp500_unh_random_forest__ps_v9,SP500,random_forest__ps,UNH
sp500_unh_random_forest__ps_v8,SP500,random_forest__ps,UNH
sp500_unh_random_forest__ps_v3,SP500,random_forest__ps,UNH
sp500_v_random_forest__ps_v6,SP500,random_forest__ps,V
sp500_v_random_forest__ps_v8,SP500,random_forest__ps,V
sp500_v_random_forest__ps_v10,SP500,random_forest__ps,V
sp500_v_random_forest__ps_v4,SP500,random_forest__ps,V
sp500_v_random_forest__ps_v2,SP500,random_forest__ps,V
sp500_v_random_forest__ps_v7,SP500,random_forest__ps,V
sp500_v_random_forest__ps_v3,SP500,random_forest__ps,V
sp500_v_random_forest__ps_v5,SP500,random_forest__ps,V
sp500_v_random_forest__ps,SP500,random_forest__ps,V
sp500_v_random_forest__ps_v9,SP500,random_forest__ps,V
sp500_wmt_random_forest__ps_v4,SP500,random_forest__ps,WMT
sp500_wmt_random_forest__ps_v5,SP500,random_forest__ps,WMT
sp500_wmt_random_forest__ps_v8,SP500,random_forest__ps,WMT
sp500_wmt_random_forest__ps_v7,SP500,random_forest__ps,WMT
sp500_wmt_random_forest__ps_v10,SP500,random_forest__ps,WMT
sp500_wmt_random_forest__ps,SP500,random_forest__ps,WMT
sp500_wmt_random_forest__ps_v6,SP500,random_forest__ps,WMT
sp500_wmt_random_forest__ps_v2,SP500,random_forest__ps,WMT
sp500_xom_random_forest__ps_v5,SP500,random_forest__ps,XOM
sp500_xom_random_forest__ps_v2,SP500,random_forest__ps,XOM
sp500_xom_random_forest__ps_v7,SP500,random_forest__ps,XOM
sp500_xom_random_forest__ps_v8,SP500,random_forest__ps,XOM
sp500_xom_random_forest__ps_v3,SP500,random_forest__ps,XOM
sp500_xom_random_forest__ps_v6,SP500,random_forest__ps,XOM
sp500_xom_random_forest__ps,SP500,random_forest__ps,XOM
sp500_xom_random_forest__ps_v4,SP500,random_forest__ps,XOM
sp500_xom_random_forest__ps_v10,SP500,random_forest__ps,XOM
sp500_ma_rl_dqn__ps,SP500,rl_dqn__ps,MA
sp500_sarima_v5,SP500,sarima,
sp500_sarima_v10,SP500,sarima,
sp500_sarima_v2,SP500,sarima,
sp500_sarima_v8,SP500,sarima,
sp500_bac_sarima__ps_v3,SP500,sarima__ps,BAC
sp500_bac_sarima__ps_v10,SP500,sarima__ps,BAC
sp500_bac_sarima__ps_v7,SP500,sarima__ps,BAC
sp500_bac_sarima__ps_v9,SP500,sarima__ps,BAC
sp500_bac_sarima__ps_v6,SP500,sarima__ps,BAC
sp500_bac_sarima__ps_v4,SP500,sarima__ps,BAC
sp500_bac_sarima__ps_v5,SP500,sarima__ps,BAC
sp500_bac_sarima__ps_v2,SP500,sarima__ps,BAC
sp500_bac_sarima__ps,SP500,sarima__ps,BAC
sp500_bac_sarima__ps_v8,SP500,sarima__ps,BAC
sp500_cvx_sarima__ps_v4,SP500,sarima__ps,CVX
sp500_cvx_sarima__ps,SP500,sarima__ps,CVX
sp500_cvx_sarima__ps_v10,SP500,sarima__ps,CVX
sp500_cvx_sarima__ps_v8,SP500,sarima__ps,CVX
sp500_cvx_sarima__ps_v5,SP500,sarima__ps,CVX
sp500_cvx_sarima__ps_v2,SP500,sarima__ps,CVX
sp500_cvx_sarima__ps_v6,SP500,sarima__ps,CVX
sp500_cvx_sarima__ps_v9,SP500,sarima__ps,CVX
sp500_cvx_sarima__ps_v7,SP500,sarima__ps,CVX
sp500_cvx_sarima__ps_v3,SP500,sarima__ps,CVX
sp500_gs_sarima__ps,SP500,sarima__ps,GS
sp500_gs_sarima__ps_v5,SP500,sarima__ps,GS
sp500_gs_sarima__ps_v10,SP500,sarima__ps,GS
sp500_gs_sarima__ps_v4,SP500,sarima__ps,GS
sp500_gs_sarima__ps_v8,SP500,sarima__ps,GS
sp500_gs_sarima__ps_v7,SP500,sarima__ps,GS
sp500_gs_sarima__ps_v2,SP500,sarima__ps,GS
sp500_gs_sarima__ps_v6,SP500,sarima__ps,GS
sp500_jnj_sarima__ps_v7,SP500,sarima__ps,JNJ
sp500_jnj_sarima__ps_v8,SP500,sarima__ps,JNJ
sp500_jnj_sarima__ps_v3,SP500,sarima__ps,JNJ
sp500_jnj_sarima__ps_v4,SP500,sarima__ps,JNJ
sp500_jnj_sarima__ps_v5,SP500,sarima__ps,JNJ
sp500_jnj_sarima__ps,SP500,sarima__ps,JNJ
sp500_jnj_sarima__ps_v9,SP500,sarima__ps,JNJ
sp500_jnj_sarima__ps_v2,SP500,sarima__ps,JNJ
sp500_jnj_sarima__ps_v10,SP500,sarima__ps,JNJ
sp500_jnj_sarima__ps_v6,SP500,sarima__ps,JNJ
sp500_jpm_sarima__ps_v9,SP500,sarima__ps,JPM
sp500_jpm_sarima__ps_v6,SP500,sarima__ps,JPM
sp500_jpm_sarima__ps_v3,SP500,sarima__ps,JPM
sp500_jpm_sarima__ps_v4,SP500,sarima__ps,JPM
sp500_jpm_sarima__ps_v2,SP500,sarima__ps,JPM
sp500_jpm_sarima__ps_v7,SP500,sarima__ps,JPM
sp500_jpm_sarima__ps_v10,SP500,sarima__ps,JPM
sp500_jpm_sarima__ps_v5,SP500,sarima__ps,JPM
sp500_jpm_sarima__ps,SP500,sarima__ps,JPM
sp500_jpm_sarima__ps_v8,SP500,sarima__ps,JPM
sp500_ko_sarima__ps_v2,SP500,sarima__ps,KO
sp500_ko_sarima__ps_v10,SP500,sarima__ps,KO
sp500_ko_sarima__ps_v3,SP500,sarima__ps,KO
sp500_ko_sarima__ps_v4,SP500,sarima__ps,KO
sp500_ko_sarima__ps,SP500,sarima__ps,KO
sp500_ko_sarima__ps_v9,SP500,sarima__ps,KO
sp500_ko_sarima__ps_v6,SP500,sarima__ps,KO
sp500_ko_sarima__ps_v7,SP500,sarima__ps,KO
sp500_ko_sarima__ps_v5,SP500,sarima__ps,KO
sp500_ko_sarima__ps_v8,SP500,sarima__ps,KO
sp500_ma_sarima__ps_v4,SP500,sarima__ps,MA
sp500_ma_sarima__ps_v3,SP500,sarima__ps,MA
sp500_ma_sarima__ps_v6,SP500,sarima__ps,MA
sp500_ma_sarima__ps_v10,SP500,sarima__ps,MA
sp500_ma_sarima__ps_v8,SP500,sarima__ps,MA
sp500_ma_sarima__ps_v5,SP500,sarima__ps,MA
sp500_ma_sarima__ps_v9,SP500,sarima__ps,MA
sp500_ma_sarima__ps,SP500,sarima__ps,MA
sp500_ma_sarima__ps_v7,SP500,sarima__ps,MA
sp500_ma_sarima__ps_v2,SP500,sarima__ps,MA
sp500_pfe_sarima__ps_v8,SP500,sarima__ps,PFE
sp500_pfe_sarima__ps_v2,SP500,sarima__ps,PFE
sp500_pfe_sarima__ps_v5,SP500,sarima__ps,PFE
sp500_pfe_sarima__ps_v10,SP500,sarima__ps,PFE
sp500_pg_sarima__ps_v2,SP500,sarima__ps,PG
sp500_pg_sarima__ps_v6,SP500,sarima__ps,PG
sp500_pg_sarima__ps,SP500,sarima__ps,PG
sp500_pg_sarima__ps_v9,SP500,sarima__ps,PG
sp500_pg_sarima__ps_v8,SP500,sarima__ps,PG
sp500_pg_sarima__ps_v7,SP500,sarima__ps,PG
sp500_pg_sarima__ps_v5,SP500,sarima__ps,PG
sp500_pg_sarima__ps_v4,SP500,sarima__ps,PG
sp500_pg_sarima__ps_v10,SP500,sarima__ps,PG
sp500_pg_sarima__ps_v3,SP500,sarima__ps,PG
sp500_qqq_sarima__ps_v2,SP500,sarima__ps,QQQ
sp500_qqq_sarima__ps_v6,SP500,sarima__ps,QQQ
sp500_qqq_sarima__ps_v9,SP500,sarima__ps,QQQ
sp500_qqq_sarima__ps,SP500,sarima__ps,QQQ
sp500_qqq_sarima__ps_v5,SP500,sarima__ps,QQQ
sp500_qqq_sarima__ps_v4,SP500,sarima__ps,QQQ
sp500_qqq_sarima__ps_v8,SP500,sarima__ps,QQQ
sp500_qqq_sarima__ps_v3,SP500,sarima__ps,QQQ
sp500_qqq_sarima__ps_v7,SP500,sarima__ps,QQQ
sp500_qqq_sarima__ps_v10,SP500,sarima__ps,QQQ
sp500_spy_sarima__ps_v10,SP500,sarima__ps,SPY
sp500_spy_sarima__ps_v5,SP500,sarima__ps,SPY
sp500_spy_sarima__ps_v8,SP500,sarima__ps,SPY
sp500_spy_sarima__ps_v3,SP500,sarima__ps,SPY
sp500_spy_sarima__ps_v9,SP500,sarima__ps,SPY
sp500_spy_sarima__ps_v2,SP500,sarima__ps,SPY
sp500_spy_sarima__ps_v4,SP500,sarima__ps,SPY
sp500_spy_sarima__ps_v6,SP500,sarima__ps,SPY
sp500_spy_sarima__ps,SP500,sarima__ps,SPY
sp500_spy_sarima__ps_v7,SP500,sarima__ps,SPY
sp500_unh_sarima__ps,SP500,sarima__ps,UNH
sp500_unh_sarima__ps_v5,SP500,sarima__ps,UNH
sp500_unh_sarima__ps_v4,SP500,sarima__ps,UNH
sp500_unh_sarima__ps_v7,SP500,sarima__ps,UNH
sp500_unh_sarima__ps_v6,SP500,sarima__ps,UNH
sp500_unh_sarima__ps_v8,SP500,sarima__ps,UNH
sp500_unh_sarima__ps_v3,SP500,sarima__ps,UNH
sp500_unh_sarima__ps_v2,SP500,sarima__ps,UNH
sp500_unh_sarima__ps_v10,SP500,sarima__ps,UNH
sp500_unh_sarima__ps_v9,SP500,sarima__ps,UNH
sp500_v_sarima__ps_v7,SP500,sarima__ps,V
sp500_v_sarima__ps_v4,SP500,sarima__ps,V
sp500_v_sarima__ps_v3,SP500,sarima__ps,V
sp500_v_sarima__ps_v6,SP500,sarima__ps,V
sp500_v_sarima__ps_v9,SP500,sarima__ps,V
sp500_v_sarima__ps_v10,SP500,sarima__ps,V
sp500_v_sarima__ps_v8,SP500,sarima__ps,V
sp500_v_sarima__ps_v5,SP500,sarima__ps,V
sp500_v_sarima__ps,SP500,sarima__ps,V
sp500_v_sarima__ps_v2,SP500,sarima__ps,V
sp500_wmt_sarima__ps_v6,SP500,sarima__ps,WMT
sp500_wmt_sarima__ps_v9,SP500,sarima__ps,WMT
sp500_wmt_sarima__ps_v5,SP500,sarima__ps,WMT
sp500_wmt_sarima__ps_v3,SP500,sarima__ps,WMT
sp500_wmt_sarima__ps_v10,SP500,sarima__ps,WMT
sp500_wmt_sarima__ps,SP500,sarima__ps,WMT
sp500_wmt_sarima__ps_v2,SP500,sarima__ps,WMT
sp500_wmt_sarima__ps_v7,SP500,sarima__ps,WMT
sp500_wmt_sarima__ps_v8,SP500,sarima__ps,WMT
sp500_wmt_sarima__ps_v4,SP500,sarima__ps,WMT
sp500_xom_sarima__ps_v4,SP500,sarima__ps,XOM
sp500_xom_sarima__ps_v9,SP500,sarima__ps,XOM
sp500_xom_sarima__ps_v2,SP500,sarima__ps,XOM
sp500_xom_sarima__ps_v10,SP500,sarima__ps,XOM
sp500_xom_sarima__ps_v3,SP500,sarima__ps,XOM
sp500_xom_sarima__ps_v6,SP500,sarima__ps,XOM
sp500_xom_sarima__ps,SP500,sarima__ps,XOM
sp500_xom_sarima__ps_v7,SP500,sarima__ps,XOM
sp500_xom_sarima__ps_v8,SP500,sarima__ps,XOM
sp500_xom_sarima__ps_v5,SP500,sarima__ps,XOM
sp500_xgboost_v2,SP500,xgboost,
sp500_xgboost_v5,SP500,xgboost,
sp500_xgboost_v4,SP500,xgboost,
sp500_xgboost_v10,SP500,xgboost,
sp500_bac_xgboost__ps_v10,SP500,xgboost__ps,BAC
sp500_bac_xgboost__ps_v5,SP500,xgboost__ps,BAC
sp500_bac_xgboost__ps_v3,SP500,xgboost__ps,BAC
sp500_bac_xgboost__ps_v9,SP500,xgboost__ps,BAC
sp500_bac_xgboost__ps_v2,SP500,xgboost__ps,BAC
sp500_bac_xgboost__ps_v4,SP500,xgboost__ps,BAC
sp500_bac_xgboost__ps,SP500,xgboost__ps,BAC
sp500_bac_xgboost__ps_v7,SP500,xgboost__ps,BAC
sp500_bac_xgboost__ps_v8,SP500,xgboost__ps,BAC
sp500_bac_xgboost__ps_v6,SP500,xgboost__ps,BAC
sp500_cvx_xgboost__ps_v8,SP500,xgboost__ps,CVX
sp500_cvx_xgboost__ps_v7,SP500,xgboost__ps,CVX
sp500_cvx_xgboost__ps_v5,SP500,xgboost__ps,CVX
sp500_cvx_xgboost__ps_v6,SP500,xgboost__ps,CVX
sp500_cvx_xgboost__ps_v10,SP500,xgboost__ps,CVX
sp500_cvx_xgboost__ps_v2,SP500,xgboost__ps,CVX
sp500_cvx_xgboost__ps,SP500,xgboost__ps,CVX
sp500_cvx_xgboost__ps_v4,SP500,xgboost__ps,CVX
sp500_gs_xgboost__ps_v5,SP500,xgboost__ps,GS
sp500_gs_xgboost__ps_v10,SP500,xgboost__ps,GS
sp500_gs_xgboost__ps_v4,SP500,xgboost__ps,GS
sp500_gs_xgboost__ps_v2,SP500,xgboost__ps,GS
sp500_jnj_xgboost__ps,SP500,xgboost__ps,JNJ
sp500_jnj_xgboost__ps_v7,SP500,xgboost__ps,JNJ
sp500_jnj_xgboost__ps_v10,SP500,xgboost__ps,JNJ
sp500_jnj_xgboost__ps_v8,SP500,xgboost__ps,JNJ
sp500_jnj_xgboost__ps_v2,SP500,xgboost__ps,JNJ
sp500_jnj_xgboost__ps_v5,SP500,xgboost__ps,JNJ
sp500_jnj_xgboost__ps_v6,SP500,xgboost__ps,JNJ
sp500_jnj_xgboost__ps_v9,SP500,xgboost__ps,JNJ
sp500_jnj_xgboost__ps_v4,SP500,xgboost__ps,JNJ
sp500_jnj_xgboost__ps_v3,SP500,xgboost__ps,JNJ
sp500_jpm_xgboost__ps_v2,SP500,xgboost__ps,JPM
sp500_jpm_xgboost__ps_v7,SP500,xgboost__ps,JPM
sp500_jpm_xgboost__ps_v5,SP500,xgboost__ps,JPM
sp500_jpm_xgboost__ps_v4,SP500,xgboost__ps,JPM
sp500_jpm_xgboost__ps_v10,SP500,xgboost__ps,JPM
sp500_jpm_xgboost__ps,SP500,xgboost__ps,JPM
sp500_jpm_xgboost__ps_v6,SP500,xgboost__ps,JPM
sp500_jpm_xgboost__ps_v8,SP500,xgboost__ps,JPM
sp500_ko_xgboost__ps_v6,SP500,xgboost__ps,KO
sp500_ko_xgboost__ps_v2,SP500,xgboost__ps,KO
sp500_ko_xgboost__ps_v4,SP500,xgboost__ps,KO
sp500_ko_xgboost__ps_v10,SP500,xgboost__ps,KO
sp500_ko_xgboost__ps_v8,SP500,xgboost__ps,KO
sp500_ko_xgboost__ps,SP500,xgboost__ps,KO
sp500_ko_xgboost__ps_v7,SP500,xgboost__ps,KO
sp500_ko_xgboost__ps_v5,SP500,xgboost__ps,KO
sp500_ma_xgboost__ps_v10,SP500,xgboost__ps,MA
sp500_ma_xgboost__ps_v5,SP500,xgboost__ps,MA
sp500_ma_xgboost__ps_v8,SP500,xgboost__ps,MA
sp500_ma_xgboost__ps_v4,SP500,xgboost__ps,MA
sp500_ma_xgboost__ps_v2,SP500,xgboost__ps,MA
sp500_pfe_xgboost__ps_v10,SP500,xgboost__ps,PFE
sp500_pfe_xgboost__ps_v4,SP500,xgboost__ps,PFE
sp500_pfe_xgboost__ps_v9,SP500,xgboost__ps,PFE
sp500_pfe_xgboost__ps_v2,SP500,xgboost__ps,PFE
sp500_pfe_xgboost__ps_v7,SP500,xgboost__ps,PFE
sp500_pfe_xgboost__ps,SP500,xgboost__ps,PFE
sp500_pfe_xgboost__ps_v3,SP500,xgboost__ps,PFE
sp500_pfe_xgboost__ps_v5,SP500,xgboost__ps,PFE
sp500_pfe_xgboost__ps_v8,SP500,xgboost__ps,PFE
sp500_pfe_xgboost__ps_v6,SP500,xgboost__ps,PFE
sp500_pg_xgboost__ps_v4,SP500,xgboost__ps,PG
sp500_pg_xgboost__ps_v10,SP500,xgboost__ps,PG
sp500_pg_xgboost__ps,SP500,xgboost__ps,PG
sp500_pg_xgboost__ps_v8,SP500,xgboost__ps,PG
sp500_pg_xgboost__ps_v2,SP500,xgboost__ps,PG
sp500_pg_xgboost__ps_v9,SP500,xgboost__ps,PG
sp500_pg_xgboost__ps_v5,SP500,xgboost__ps,PG
sp500_pg_xgboost__ps_v6,SP500,xgboost__ps,PG
sp500_pg_xgboost__ps_v7,SP500,xgboost__ps,PG
sp500_pg_xgboost__ps_v3,SP500,xgboost__ps,PG
sp500_qqq_xgboost__ps_v6,SP500,xgboost__ps,QQQ
sp500_qqq_xgboost__ps_v5,SP500,xgboost__ps,QQQ
sp500_qqq_xgboost__ps_v9,SP500,xgboost__ps,QQQ
sp500_qqq_xgboost__ps_v4,SP500,xgboost__ps,QQQ
sp500_qqq_xgboost__ps_v2,SP500,xgboost__ps,QQQ
sp500_qqq_xgboost__ps_v10,SP500,xgboost__ps,QQQ
sp500_qqq_xgboost__ps_v8,SP500,xgboost__ps,QQQ
sp500_qqq_xgboost__ps_v3,SP500,xgboost__ps,QQQ
sp500_qqq_xgboost__ps,SP500,xgboost__ps,QQQ
sp500_qqq_xgboost__ps_v7,SP500,xgboost__ps,QQQ
sp500_spy_xgboost__ps_v5,SP500,xgboost__ps,SPY
sp500_spy_xgboost__ps_v4,SP500,xgboost__ps,SPY
sp500_spy_xgboost__ps_v10,SP500,xgboost__ps,SPY
sp500_spy_xgboost__ps_v7,SP500,xgboost__ps,SPY
sp500_spy_xgboost__ps_v2,SP500,xgboost__ps,SPY
sp500_spy_xgboost__ps,SP500,xgboost__ps,SPY
sp500_spy_xgboost__ps_v6,SP500,xgboost__ps,SPY
sp500_spy_xgboost__ps_v8,SP500,xgboost__ps,SPY
sp500_unh_xgboost__ps_v9,SP500,xgboost__ps,UNH
sp500_unh_xgboost__ps,SP500,xgboost__ps,UNH
sp500_unh_xgboost__ps_v4,SP500,xgboost__ps,UNH
sp500_unh_xgboost__ps_v2,SP500,xgboost__ps,UNH
sp500_unh_xgboost__ps_v7,SP500,xgboost__ps,UNH
sp500_unh_xgboost__ps_v5,SP500,xgboost__ps,UNH
sp500_unh_xgboost__ps_v8,SP500,xgboost__ps,UNH
sp500_unh_xgboost__ps_v10,SP500,xgboost__ps,UNH
sp500_unh_xgboost__ps_v6,SP500,xgboost__ps,UNH
sp500_unh_xgboost__ps_v3,SP500,xgboost__ps,UNH
sp500_v_xgboost__ps_v7,SP500,xgboost__ps,V
sp500_v_xgboost__ps_v2,SP500,xgboost__ps,V
sp500_v_xgboost__ps,SP500,xgboost__ps,V
sp500_v_xgboost__ps_v5,SP500,xgboost__ps,V
sp500_v_xgboost__ps_v3,SP500,xgboost__ps,V
sp500_v_xgboost__ps_v8,SP500,xgboost__ps,V
sp500_v_xgboost__ps_v9,SP500,xgboost__ps,V
sp500_v_xgboost__ps_v10,SP500,xgboost__ps,V
sp500_v_xgboost__ps_v6,SP500,xgboost__ps,V
sp500_v_xgboost__ps_v4,SP500,xgboost__ps,V
sp500_wmt_xgboost__ps_v8,SP500,xgboost__ps,WMT
sp500_wmt_xgboost__ps_v4,SP500,xgboost__ps,WMT
sp500_wmt_xgboost__ps_v6,SP500,xgboost__ps,WMT
sp500_wmt_xgboost__ps_v5,SP500,xgboost__ps,WMT
sp500_wmt_xgboost__ps_v3,SP500,xgboost__ps,WMT
sp500_wmt_xgboost__ps_v7,SP500,xgboost__ps,WMT
sp500_wmt_xgboost__ps_v2,SP500,xgboost__ps,WMT
sp500_wmt_xgboost__ps_v10,SP500,xgboost__ps,WMT
sp500_wmt_xgboost__ps,SP500,xgboost__ps,WMT
sp500_xom_xgboost__ps_v10,SP500,xgboost__ps,XOM
sp500_xom_xgboost__ps_v4,SP500,xgboost__ps,XOM
sp500_xom_xgboost__ps_v5,SP500,xgboost__ps,XOM
sp500_xom_xgboost__ps_v8,SP500,xgboost__ps,XOM
sp500_xom_xgboost__ps_v2,SP500,xgboost__ps,XOM
nasdaq_amd_egarch__ps_v7,NASDAQ,egarch__ps,AMD
sp500_arima_garch_v9,SP500,arima_garch,""
crypto_btc_lightgbm__ps,CRYPTO,lightgbm__ps,BTC
crypto_btc_lightgbm__ps_v7,CRYPTO,lightgbm__ps,BTC
gold_rl_dqn,GOLD,rl_dqn,""
